NCBI_RefSeqID,ENST_ID,Total substrate,Effective substrate,Peptide length,Effective substrate density,Mean position of Substrate,Mean position of Effective substrate
NM_003327,ENST00000379236,14,2,277,0.00052,0.6065,0.54332
NM_001130045,ENST00000379289,33,2,673,9e-05,0.48404,0.24368
NM_148902,ENST00000379265,13,2,234,0.00066,0.54076,0.21795
NM_194315,ENST00000400930,15,4,275,0.00097,0.57939,0.65
NM_001170686,ENST00000520777,51,4,951,8e-05,0.50605,0.54101
NM_020248,ENST00000377263,7,0,81,0.0,0.52381,
NM_052960,ENST00000294435,6,2,134,0.00249,0.70025,0.62313
NM_001040194,ENST00000376629,5,0,152,0.0,0.77237,
NM_001040196,ENST00000452018,7,0,155,0.0,0.61106,
NM_001103170,ENST00000359318,16,3,407,0.00046,0.52165,0.54873
NM_001012277,ENST00000355096,27,0,474,0.0,0.4632,
NM_001012277,ENST00000697200,27,0,474,0.0,0.4632,
NM_032341,ENST00000480945,33,4,399,0.0003,0.49373,0.44925
NM_001017999,ENST00000400797,26,3,327,0.00035,0.43707,0.62895
NM_012387,ENST00000375448,30,2,663,0.0001,0.50593,0.50302
NM_012387,ENST00000628229,30,2,663,0.0001,0.50593,0.50302
NM_001113347,ENST00000357071,33,2,758,8e-05,0.42044,0.66424
NM_001039802,ENST00000656825,7,3,191,0.00224,0.45625,0.64049
NM_004442,ENST00000374632,46,1,987,2e-05,0.56997,0.38399
NM_016124,ENST00000328664,11,0,417,0.0,0.4371,
NM_005281,ENST00000374024,8,0,330,0.0,0.76856,
NM_173452,ENST00000354982,11,0,288,0.0,0.50947,
NM_003665,ENST00000270879,12,0,299,0.0,0.5014,
NM_001042747,ENST00000399173,24,3,529,0.00024,0.61256,0.93384
NM_005248,ENST00000374005,24,3,529,0.00024,0.61256,0.93384
NM_001105556,ENST00000373921,37,2,643,8e-05,0.49477,0.20918
NM_001164721,ENST00000539896,14,0,342,0.0,0.55806,
NM_001193532,ENST00000465518,15,0,218,0.0,0.63639,
NM_001166006,ENST00000373797,42,9,720,0.0003,0.4502,0.31049
NM_001204414,ENST00000457433,18,0,436,0.0,0.41106,
NM_022164,ENST00000271064,23,0,467,0.0,0.3981,
NM_177422,ENST00000246314,51,13,626,0.00041,0.49568,0.53269
NM_000760,ENST00000373106,52,5,836,0.00012,0.47898,0.36986
NM_001123395,ENST00000372539,10,2,211,0.00095,0.41137,0.5308
NM_148960,ENST00000296387,10,2,224,0.00089,0.3875,0.5
NM_174963,ENST00000262915,13,1,444,0.00017,0.57502,0.1464
NM_003629,ENST00000262741,31,7,461,0.00049,0.55475,0.61388
NM_147193,ENST00000312233,31,3,620,0.00016,0.50255,0.79301
NM_201546,ENST00000371330,14,1,449,0.00016,0.59418,0.60356
NM_001199080,ENST00000312553,25,1,613,7e-05,0.48653,0.02447
NM_001199328,ENST00000534056,14,3,340,0.00063,0.32206,0.42157
NM_201626,ENST00000370792,48,13,828,0.00033,0.44731,0.44779
NM_198717,ENST00000628037,13,0,365,0.0,0.70158,
NM_198716,ENST00000460330,14,0,374,0.0,0.70588,
NM_198719,ENST00000306666,14,0,390,0.0,0.67857,
NM_198715,ENST00000370924,16,2,388,0.00032,0.7181,0.97294
NM_001184765,ENST00000370566,37,15,591,0.00069,0.60342,0.66915
NR_036634,ENST00000212355,36,7,851,0.00023,0.51319,0.50596
NM_001142550,ENST00000400794,58,15,927,0.00028,0.50339,0.55102
NM_139053,ENST00000369805,49,7,594,0.00024,0.46169,0.60943
NM_001145635,ENST00000369464,32,3,562,0.00017,0.47904,0.70107
NM_152380,ENST00000207157,34,2,496,0.00012,0.54762,0.57964
NM_001200001,ENST00000256646,130,15,2471,5e-05,0.50994,0.55195
NM_022359,ENST00000530472,28,5,310,0.00058,0.55611,0.55032
NM_001256336,ENST00000431239,47,8,825,0.00021,0.47701,0.59803
NM_022664,ENST00000346569,33,8,415,0.00058,0.40453,0.40964
NR_037937,ENST00000368905,15,1,230,0.00029,0.53217,0.73043
NM_001083964,ENST00000368825,18,4,516,0.00043,0.39104,0.22287
NM_001014342,ENST00000388718,295,145,2391,0.00021,0.47219,0.51814
NM_002016,ENST00000368799,724,226,4061,8e-05,0.56482,0.58578
NM_005988,ENST00000392653,12,2,72,0.00231,0.39352,0.31944
NM_001024209,ENST00000368750,12,2,72,0.00231,0.39352,0.31944
NM_005621,ENST00000368737,6,1,92,0.00181,0.56159,0.72826
NM_005416,ENST00000331860,17,3,169,0.00104,0.33693,0.16765
NM_002965,ENST00000368738,6,0,114,0.0,0.31725,
NM_002964,ENST00000368733,2,0,93,0.0,0.59678,
NM_001111,ENST00000368474,63,7,1226,9e-05,0.37693,0.30715
NM_015841,ENST00000529168,62,6,1200,8e-05,0.37633,0.2475
NM_207194,ENST00000355956,56,4,839,9e-05,0.5281,0.41597
NM_001162384,ENST00000313667,70,6,985,9e-05,0.55063,0.51303
NM_139119,ENST00000355499,50,10,750,0.00027,0.40853,0.36053
NM_003126,ENST00000643759,194,33,2419,7e-05,0.50385,0.51825
NM_001161442,ENST00000368198,28,4,371,0.00039,0.52503,0.73316
NM_005099,ENST00000367996,43,5,837,0.00014,0.55083,0.5859
NM_001035512,ENST00000432287,5,0,135,0.0,0.53185,
NM_001244753,ENST00000650385,11,2,233,0.00078,0.40889,0.42918
NM_001039711,ENST00000545495,21,1,318,0.00015,0.54313,0.95912
NM_001136219,ENST00000271450,19,2,317,0.00033,0.38204,0.70504
NM_021642,ENST00000367972,19,2,316,0.00033,0.38075,0.70411
NM_001127595,ENST00000367967,13,2,254,0.00061,0.46396,0.3937
NM_175866,ENST00000489294,18,4,419,0.00053,0.45598,0.36456
NM_001198783,ENST00000367862,82,22,755,0.00036,0.32037,0.336
NM_001002294,ENST00000367755,16,4,532,0.00047,0.64897,0.53007
NM_002642,ENST00000344529,12,1,297,0.00028,0.29798,0.07071
NM_022093,ENST00000239462,71,9,1299,0.0001,0.49095,0.26114
NM_001162894,ENST00000444639,5,0,99,0.0,0.62828,
NM_001162893,ENST00000444639,5,0,99,0.0,0.62828,
NM_001136001,ENST00000367623,58,12,1161,0.00018,0.53658,0.66286
NM_001033056,ENST00000417584,14,1,373,0.00019,0.44657,0.18231
NM_001199263,ENST00000367449,25,7,316,0.00089,0.53126,0.61483
NM_001127708,ENST00000367483,29,8,1363,0.0002,0.59119,0.59776
NM_005807,ENST00000445192,30,8,1404,0.00019,0.58129,0.60951
NM_001005337,ENST00000367324,46,4,726,0.00012,0.45604,0.76136
NM_020443,ENST00000367296,73,5,1877,4e-05,0.53668,0.83037
NM_001167738,ENST00000367295,57,5,1483,6e-05,0.56464,0.7857
NM_001017402,ENST00000391911,108,5,1172,4e-05,0.5257,0.43498
NM_001170588,ENST00000537898,19,3,428,0.00037,0.48574,0.71262
NM_001170588,ENST00000626327,19,3,428,0.00037,0.48574,0.71262
NM_001199809,ENST00000440600,74,18,913,0.00027,0.59397,0.52026
NM_007123,ENST00000366942,95,19,1546,0.00013,0.46652,0.54416
NM_001017424,ENST00000391895,16,1,422,0.00015,0.38744,0.20379
NM_022746,ENST00000366910,16,1,337,0.00019,0.51205,0.51929
NM_152608,ENST00000272091,26,3,451,0.00026,0.42444,0.3895
NM_001004342,ENST00000366653,42,3,783,9e-05,0.48714,0.58025
NM_001145036,ENST00000366668,46,13,737,0.00038,0.53708,0.48085
NM_002508,ENST00000264187,69,6,1247,7e-05,0.51035,0.61133
NM_001004343,ENST00000357246,6,2,147,0.00227,0.32767,0.08844
NM_001164538,ENST00000535983,43,7,695,0.00023,0.57584,0.53032
NM_201544,ENST00000366584,11,2,317,0.00057,0.35618,0.26026
NM_001139459,ENST00000366512,43,5,616,0.00019,0.4963,0.42045
NM_183395,ENST00000348069,47,3,920,7e-05,0.53781,0.56703
NM_001127462,ENST00000391827,50,4,977,8e-05,0.5364,0.62564
NM_001160124,ENST00000497571,9,1,283,0.00039,0.32195,0.11661
NR_037164,ENST00000459912,9,1,173,0.00064,0.28581,0.20809
NM_001354,ENST00000380753,17,1,323,0.00018,0.58641,0.86068
NM_001135241,ENST00000455190,6,0,139,0.0,0.5036,
NM_004566,ENST00000379775,22,2,520,0.00017,0.48444,0.59904
NM_030569,ENST00000397146,49,4,942,9e-05,0.47758,0.39596
NM_001001851,ENST00000397145,37,4,702,0.00015,0.46135,0.51317
NM_080599,ENST00000397053,72,20,1272,0.00022,0.54523,0.56702
NM_182751,ENST00000484800,53,13,875,0.00028,0.4739,0.49732
NM_018518,ENST00000378714,53,13,874,0.00028,0.47349,0.49701
NM_004808,ENST00000378165,25,5,498,0.0004,0.36072,0.46145
NM_001008211,ENST00000378748,40,9,577,0.00039,0.54636,0.57712
NM_001034842,ENST00000642324,30,2,767,9e-05,0.43816,0.57628
NM_001034842,ENST00000617711,30,2,767,9e-05,0.43816,0.57628
NM_001098500,ENST00000376462,70,13,1264,0.00015,0.52661,0.56001
NM_173576,ENST00000419761,16,2,352,0.00036,0.5229,0.64062
NM_001256412,ENST00000682389,5,1,142,0.00141,0.7338,0.66197
NM_001178125,ENST00000490841,16,2,329,0.00038,0.34061,0.2006
NM_001178120,ENST00000376170,24,2,451,0.00018,0.42369,0.14634
NM_001012750,ENST00000376140,27,3,481,0.00023,0.43898,0.33195
NM_001143771,ENST00000452305,46,9,818,0.00024,0.48942,0.49674
NM_003873,ENST00000374867,35,6,923,0.00019,0.52654,0.58794
NM_001024629,ENST00000374821,22,4,609,0.0003,0.56292,0.61576
NM_001024628,ENST00000374822,24,4,644,0.00026,0.56942,0.59588
NM_001098207,ENST00000544000,16,0,415,0.0,0.57635,
NM_001169106,ENST00000540872,61,17,1279,0.00022,0.4775,0.39949
NM_012242,ENST00000373970,12,2,266,0.00063,0.6463,0.80827
NM_001130159,ENST00000399165,11,0,227,0.0,0.47017,
NM_004096,ENST00000373218,6,0,120,0.0,0.39028,
NM_173540,ENST00000372841,15,1,492,0.00014,0.66856,0.51626
NM_001202450,ENST00000672429,16,2,305,0.00041,0.51721,0.49672
NM_001202449,ENST00000673027,15,2,327,0.00041,0.53068,0.44342
NM_144660,ENST00000372687,14,1,326,0.00022,0.45311,0.78528
NM_207372,ENST00000339284,29,4,357,0.00039,0.48343,0.55042
NM_030927,ENST00000429989,10,1,270,0.00037,0.66407,0.73333
NM_033282,ENST00000241891,15,0,478,0.0,0.61827,
NM_001243779,ENST00000372188,10,2,229,0.00087,0.5572,0.79476
NM_004190,ENST00000238983,16,1,398,0.00016,0.58339,0.40704
NR_028035,ENST00000484444,4,0,103,0.0,0.55097,
NR_028036,ENST00000652046,15,2,335,0.0004,0.58985,0.69702
NM_138469,ENST00000370584,33,7,778,0.00027,0.47048,0.4014
NM_001034955,ENST00000277982,62,12,1151,0.00017,0.58238,0.72169
NM_173195,ENST00000343195,13,0,220,0.0,0.37762,
NR_037644,ENST00000299353,13,2,106,0.00145,0.6103,0.8915
NM_001121,ENST00000277900,37,10,674,0.0004,0.44194,0.52255
NM_033339,ENST00000369315,17,0,303,0.0,0.50728,
NM_001146284,ENST00000704414,25,5,459,0.00044,0.49717,0.47102
NM_001145453,ENST00000682743,16,4,460,0.00054,0.45992,0.74131
NM_001003407,ENST00000392955,36,7,718,0.00027,0.51389,0.52944
NM_001167865,ENST00000369023,20,2,385,0.00026,0.61364,0.76234
NM_001001974,ENST00000368990,24,7,404,0.00072,0.49649,0.45827
NM_002417,ENST00000368654,179,67,3256,0.00011,0.48557,0.43449
NM_001097610,ENST00000613221,4,0,95,0.0,0.74736,
NM_001097610,ENST00000595228,4,0,95,0.0,0.74736,
NM_020376,ENST00000336615,18,0,504,0.0,0.62257,
NM_001142675,ENST00000449825,21,1,393,0.00012,0.54998,0.26463
NM_001042781,ENST00000672629,15,1,256,0.00026,0.46068,0.02734
NM_001042781,ENST00000381589,15,1,256,0.00026,0.46068,0.02734
NM_001013254,ENST00000672349,21,4,277,0.00069,0.41052,0.54603
NM_001013254,ENST00000406638,21,4,277,0.00069,0.41052,0.54603
NM_001122631,ENST00000313407,14,0,305,0.0,0.48548,
NM_001122631,ENST00000440480,14,0,305,0.0,0.48548,
NM_001135109,ENST00000335425,7,0,187,0.0,0.52789,
NM_001170690,ENST00000450649,47,2,807,5e-05,0.58929,0.48451
NM_020974,ENST00000520467,51,3,971,6e-05,0.56667,0.42705
NR_045926,ENST00000477358,1,0,81,0.0,0.02469,
NM_001145438,ENST00000300730,7,1,307,0.00047,0.4993,0.76873
NM_014489,ENST00000278243,7,1,315,0.00045,0.58957,0.7746
NR_028491,ENST00000299596,11,1,291,0.00031,0.48828,0.64261
NM_001124,ENST00000278175,12,1,185,0.00045,0.54234,0.90811
NM_001177315,ENST00000532814,12,6,127,0.00394,0.48097,0.37402
NM_001031853,ENST00000379554,36,2,579,0.0001,0.52212,0.47841
NM_007216,ENST00000672413,43,10,1015,0.00023,0.47226,0.57369
NM_007216,ENST00000396253,43,10,1015,0.00023,0.47226,0.57369
NM_000331,ENST00000672712,4,0,122,0.0,0.63729,
NM_000331,ENST00000405158,4,0,122,0.0,0.63729,
NM_001178006,ENST00000672418,4,0,122,0.0,0.63729,
NM_001178006,ENST00000532858,4,0,122,0.0,0.63729,
NM_145117,ENST00000349880,123,10,2429,3e-05,0.4294,0.51284
NM_182964,ENST00000396085,123,10,2432,3e-05,0.42913,0.51246
NM_018393,ENST00000334274,27,2,509,0.00015,0.54166,0.37034
NM_001101653,ENST00000452374,9,0,156,0.0,0.52493,
NM_001202555,ENST00000434472,12,0,429,0.0,0.62898,
NM_006595,ENST00000378852,35,10,504,0.00057,0.44002,0.51924
NM_001145265,ENST00000442528,8,0,351,0.0,0.52208,
NM_018389,ENST00000314134,8,0,364,0.0,0.53915,
NM_001080547,ENST00000227163,19,1,271,0.00019,0.41348,0.00738
NM_001130101,ENST00000405853,25,6,387,0.00062,0.56021,0.38501
NM_130474,ENST00000406482,79,5,1479,4e-05,0.48095,0.54348
NM_006560,ENST00000310513,44,9,482,0.00042,0.51532,0.37137
NM_001062,ENST00000257264,22,4,433,0.00042,0.41224,0.38972
NM_001031666,ENST00000395032,1,0,91,0.0,0.26374,
NM_001031666,ENST00000711440,1,0,91,0.0,0.26374,
NM_001031809,ENST00000358152,5,2,168,0.00238,0.35476,0.35714
NM_001031809,ENST00000711439,5,2,168,0.00238,0.35476,0.35714
NM_207341,ENST00000278853,45,6,638,0.00021,0.55437,0.56243
NM_206940,ENST00000358246,12,5,195,0.00214,0.49017,0.60615
NM_206939,ENST00000300184,13,5,240,0.0016,0.48494,0.6425
NM_001079808,ENST00000378149,17,1,388,0.00015,0.5846,0.16753
NM_014224,ENST00000312403,16,1,388,0.00016,0.58553,0.16753
NM_001079807,ENST00000325558,17,1,388,0.00015,0.5846,0.16753
NM_001040694,ENST00000394818,73,2,918,3e-05,0.56921,0.56863
NM_001085462,ENST00000428599,47,10,933,0.00023,0.51148,0.41554
NM_001206888,ENST00000528621,43,8,879,0.00021,0.52864,0.48052
NM_001085460,ENST00000358694,47,10,933,0.00023,0.51148,0.41554
NM_001085461,ENST00000358694,47,10,933,0.00023,0.51148,0.41554
NM_001331,ENST00000361391,49,10,941,0.00022,0.52673,0.41201
NM_001206891,ENST00000529526,43,8,879,0.00021,0.52864,0.48052
NM_001244666,ENST00000377897,28,5,321,0.00056,0.5504,0.43365
NM_007069,ENST00000415826,7,1,162,0.00088,0.77072,0.98148
NM_001128203,ENST00000415826,7,1,162,0.00088,0.77072,0.98148
NM_001146729,ENST00000540857,14,1,269,0.00027,0.43468,0.26766
NM_001142535,ENST00000340246,19,1,315,0.00017,0.60084,0.4127
NM_033101,ENST00000394618,19,1,314,0.00017,0.5999,0.41083
NM_001142537,ENST00000415491,18,1,275,0.0002,0.57798,0.32727
NM_003273,ENST00000279263,17,0,418,0.0,0.54517,
NM_130800,ENST00000377313,35,2,615,9e-05,0.58276,0.84553
NM_005438,ENST00000312562,19,3,271,0.00058,0.31424,0.28044
NM_182710,ENST00000341318,23,2,546,0.00016,0.47587,0.69048
NM_022172,ENST00000393955,54,3,1178,5e-05,0.46465,0.45246
NM_001184740,ENST00000671849,44,4,634,0.00014,0.41074,0.41167
NM_001184740,ENST00000376561,44,4,634,0.00014,0.41074,0.41167
NM_001113534,ENST00000298223,12,0,255,0.0,0.51046,
NM_001243784,ENST00000444035,53,4,920,8e-05,0.38489,0.2606
NM_001039659,ENST00000393705,13,2,194,0.00079,0.69746,0.89175
NM_003369,ENST00000356136,46,8,699,0.00025,0.45422,0.58834
NM_012193,ENST00000531380,14,1,537,0.00013,0.34717,0.27933
NM_016931,ENST00000263317,24,3,578,0.00022,0.51838,0.50231
NM_201278,ENST00000676261,30,6,571,0.00035,0.61045,0.86019
NM_002424,ENST00000236826,28,5,467,0.00038,0.50038,0.56317
NM_002421,ENST00000315274,24,5,469,0.00044,0.43763,0.60384
NM_002422,ENST00000299855,11,3,477,0.00057,0.48218,0.49196
NR_024239,ENST00000444749,14,3,376,0.00057,0.57846,0.86525
NR_034066,ENST00000447913,1,0,40,0.0,0.725,
NR_034061,ENST00000613512,3,1,124,0.00269,0.70161,0.66129
NR_034070,ENST00000417998,6,1,168,0.00099,0.62004,0.4881
NM_001077692,ENST00000398006,14,0,440,0.0,0.63734,
NM_015191,ENST00000304987,94,11,926,0.00013,0.61732,0.61771
NM_001184747,ENST00000529887,14,2,155,0.00092,0.50738,0.8129
NM_001080441,ENST00000302783,17,2,189,0.00062,0.45658,0.25133
NM_012104,ENST00000313005,24,3,501,0.00025,0.55497,0.7352
NM_001037558,ENST00000408930,3,2,88,0.00758,0.53409,0.65909
NM_001167681,ENST00000534087,21,4,419,0.00045,0.47505,0.43079
NM_005238,ENST00000319397,22,2,441,0.00021,0.45207,0.32426
NM_139055,ENST00000299164,40,2,950,5e-05,0.47871,0.71736
NM_213655,ENST00000340908,195,47,2634,9e-05,0.50812,0.4547
NM_001129833,ENST00000647062,96,7,2157,3e-05,0.55869,0.64912
NM_001129833,ENST00000402845,96,7,2157,3e-05,0.55869,0.64912
NM_001129842,ENST00000643138,95,7,2138,3e-05,0.55833,0.64981
NM_001129842,ENST00000399597,95,7,2138,3e-05,0.55833,0.64981
NM_001129832,ENST00000644691,95,7,2158,3e-05,0.55921,0.6504
NM_001129832,ENST00000399606,95,7,2158,3e-05,0.55921,0.6504
NM_018173,ENST00000011684,63,6,790,0.00012,0.46359,0.47363
NM_001127583,ENST00000412586,12,3,246,0.00102,0.41362,0.27236
NM_203416,ENST00000432237,48,9,1121,0.00017,0.57296,0.62603
NM_080387,ENST00000299665,9,0,215,0.0,0.54109,
NM_014358,ENST00000299663,11,2,219,0.00083,0.45413,0.29453
NM_020734,ENST00000357529,16,2,386,0.00032,0.4286,0.40674
NM_144670,ENST00000299698,87,12,1454,9e-05,0.52319,0.45581
NM_138337,ENST00000304361,13,3,265,0.00087,0.47924,0.36981
NM_001197318,ENST00000543300,7,1,132,0.00108,0.7013,0.79545
NM_197947,ENST00000304084,12,3,247,0.00101,0.57254,0.55465
NM_030817,ENST00000356591,15,0,248,0.0,0.5664,
NM_021957,ENST00000261195,31,5,703,0.00023,0.46075,0.52945
NM_001243612,ENST00000541295,7,1,163,0.00088,0.55127,0.10429
NM_001001395,ENST00000354662,6,0,145,0.0,0.57931,
NM_001243609,ENST00000441439,6,0,145,0.0,0.57931,
NR_045012,ENST00000441439,6,0,145,0.0,0.57931,
NM_005691,ENST00000261201,60,12,1549,0.00013,0.48431,0.54896
NM_001178094,ENST00000538118,13,1,385,0.0002,0.49071,0.36623
NM_001178092,ENST00000342945,10,1,325,0.00031,0.48492,0.24923
NM_001135811,ENST00000337682,10,1,221,0.00045,0.52353,0.76471
NM_001135811,ENST00000617411,10,1,221,0.00045,0.52353,0.76471
NM_001145256,ENST00000440781,14,3,336,0.00064,0.52424,0.44444
NM_001114182,ENST00000613694,21,4,460,0.00041,0.49607,0.5125
NM_001206915,ENST00000547230,33,5,443,0.00034,0.52746,0.56343
NM_175736,ENST00000335154,52,4,1027,7e-05,0.5432,0.75122
NM_013277,ENST00000427314,38,9,632,0.00037,0.46644,0.56276
NM_181711,ENST00000293662,20,1,395,0.00013,0.38709,0.24304
NM_001130015,ENST00000340970,20,1,272,0.00018,0.51397,0.98162
NM_015416,ENST00000262055,17,4,360,0.00065,0.56356,0.48542
NM_000617,ENST00000262052,22,8,561,0.00065,0.47723,0.46858
NM_005554,ENST00000330722,30,2,564,0.00012,0.53079,0.57358
NM_173086,ENST00000252250,30,2,564,0.00012,0.53079,0.86082
NM_006121,ENST00000252244,41,2,644,8e-05,0.42198,0.12034
NM_002272,ENST00000551956,40,4,520,0.00019,0.48413,0.17884
NM_001136267,ENST00000549732,8,1,136,0.00092,0.38235,0.06618
NM_001244705,ENST00000444623,29,3,493,0.00021,0.50619,0.48682
NM_170754,ENST00000314250,63,8,1409,9e-05,0.5281,0.52662
NM_014212,ENST00000546378,12,1,304,0.00027,0.60883,0.90132
NM_001165975,ENST00000550620,33,2,516,0.00012,0.51944,0.7064
NM_002905,ENST00000257895,21,2,318,0.0003,0.51243,0.75786
NM_006928,ENST00000548493,41,3,661,0.00011,0.51732,0.5058
NM_001195055,ENST00000551116,14,3,192,0.00112,0.66853,0.74826
NM_000706,ENST00000299178,17,2,418,0.00028,0.57557,0.65192
NM_007199,ENST00000261233,24,5,596,0.00035,0.47602,0.43523
NR_027449,ENST00000462788,4,1,124,0.00202,0.4133,0.1129
NM_001143885,ENST00000261207,55,23,1030,0.00041,0.55388,0.66876
NM_001220476,ENST00000548586,83,19,1251,0.00018,0.46156,0.38925
NR_037659,ENST00000547496,4,1,50,0.005,0.795,0.88
NM_001135175,ENST00000557644,29,5,667,0.00026,0.5844,0.77751
NM_001251904,ENST00000551662,47,12,670,0.00038,0.44916,0.41542
NM_001142343,ENST00000550402,4,0,373,0.0,0.61729,
NM_001177996,ENST00000361483,9,0,262,0.0,0.68066,
NM_001040107,ENST00000242607,12,4,273,0.00122,0.72711,0.90202
NM_001167606,ENST00000534951,8,2,152,0.00164,0.73273,0.93092
NM_025157,ENST00000458477,18,4,424,0.00052,0.51861,0.38444
NM_001256796,ENST00000359949,11,1,404,0.00023,0.51958,0.31683
NM_153500,ENST00000538733,25,0,498,0.0,0.43847,
NR_033955,ENST00000328963,29,3,595,0.00017,0.49812,0.63698
NM_001136103,ENST00000435159,56,4,1108,6e-05,0.53902,0.5828
NM_001256279,ENST00000544181,7,2,153,0.00187,0.58917,0.54575
NM_003415,ENST00000536435,66,14,947,0.00022,0.45435,0.47006
NM_002019,ENST00000282397,46,11,1338,0.00018,0.43493,0.49531
NM_001159920,ENST00000615840,26,6,687,0.00034,0.46361,0.5313
NM_001135957,ENST00000355779,19,5,836,0.00031,0.29911,0.33014
NM_001164211,ENST00000389797,45,11,763,0.00032,0.49058,0.54748
NM_001201397,ENST00000377211,18,2,532,0.00021,0.53707,0.72462
NM_001130048,ENST00000376460,109,10,2068,4e-05,0.50142,0.35962
NM_001130050,ENST00000627024,65,7,1253,9e-05,0.46498,0.30019
NM_001112732,ENST00000535094,67,3,1125,4e-05,0.43895,0.61985
NM_001113513,ENST00000426073,18,4,646,0.00034,0.25473,0.26316
NM_002935,ENST00000304639,9,2,160,0.00139,0.33889,0.45938
NM_002934,ENST00000304625,17,3,161,0.0011,0.50164,0.61077
NM_001805,ENST00000206513,16,0,281,0.0,0.53803,
NM_001193635,ENST00000710588,7,0,232,0.0,0.30111,
NM_001193635,ENST00000335125,7,0,232,0.0,0.30111,
NM_001256322,ENST00000554970,14,3,140,0.00153,0.47602,0.79286
NM_001256323,ENST00000554970,14,3,140,0.00153,0.47602,0.79286
NM_001198568,ENST00000418030,42,7,1077,0.00015,0.51842,0.64107
NM_001198568,ENST00000646612,42,7,1077,0.00015,0.51842,0.64107
NM_001198592,ENST00000554068,42,7,1077,0.00015,0.51842,0.64107
NM_001198592,ENST00000646612,42,7,1077,0.00015,0.51842,0.64107
NM_001198965,ENST00000644025,24,3,794,0.00016,0.58402,0.61083
NM_001198965,ENST00000554050,24,3,794,0.00016,0.58402,0.61083
NM_175060,ENST00000342213,19,4,490,0.00043,0.47787,0.6102
NM_001171170,ENST00000555449,15,1,298,0.00022,0.47517,0.52013
NM_203467,ENST00000318317,6,0,146,0.0,0.27625,
NM_182946,ENST00000382041,212,46,2090,0.0001,0.55444,0.60079
NM_021136,ENST00000267484,33,4,776,0.00016,0.56037,0.6018
NR_038167,ENST00000342677,20,6,308,0.00097,0.4823,0.39881
NM_197957,ENST00000341653,4,0,83,0.0,0.35241,
NR_034164,ENST00000409014,29,1,496,7e-05,0.62688,0.48387
NR_034165,ENST00000409949,29,1,496,7e-05,0.62688,0.48387
NM_001202549,ENST00000617124,8,0,152,0.0,0.53125,
NM_181341,ENST00000509153,18,1,435,0.00013,0.45351,0.08506
NM_194278,ENST00000286523,98,7,1045,7e-05,0.39499,0.36664
NM_001204423,ENST00000402788,33,9,437,0.00062,0.53318,0.56725
NM_001204424,ENST00000553525,36,9,490,0.00051,0.52897,0.57732
NM_001204421,ENST00000553525,36,9,490,0.00051,0.52897,0.57732
NM_001204417,ENST00000553525,36,9,490,0.00051,0.52897,0.57732
NM_004863,ENST00000216484,17,5,562,0.00052,0.47007,0.42206
NM_152592,ENST00000682763,84,4,975,5e-05,0.46745,0.73846
NM_001002236,ENST00000448921,18,3,418,0.0004,0.4176,0.6882
NM_001002236,ENST00000614317,18,3,418,0.0004,0.4176,0.6882
NR_028462,ENST00000359366,7,1,79,0.00181,0.51718,0.78481
NM_001242417,ENST00000454394,23,4,600,0.00029,0.44601,0.435
NM_001014432,ENST00000349310,18,0,480,0.0,0.4956,
NM_001146094,ENST00000561607,26,7,533,0.00051,0.60817,0.79657
NM_133647,ENST00000560611,45,7,1150,0.00014,0.58968,0.69217
NM_001042496,ENST00000558589,45,7,1141,0.00014,0.58644,0.68974
NM_001114134,ENST00000441366,46,3,691,9e-05,0.43695,0.17366
NM_004245,ENST00000349114,42,4,638,0.00015,0.5549,0.72531
NM_001141979,ENST00000450115,126,24,1975,0.0001,0.46319,0.33901
NM_001190214,ENST00000360135,105,12,1406,8e-05,0.60075,0.54534
NM_181789,ENST00000335449,27,4,551,0.00027,0.54124,0.63974
NM_000103,ENST00000396402,15,3,503,0.0004,0.60133,0.85222
NM_031226,ENST00000396404,15,3,503,0.0004,0.60133,0.85222
NM_018728,ENST00000261839,131,29,1742,0.00013,0.53244,0.57544
NM_004580,ENST00000396307,12,1,221,0.00038,0.55618,0.52941
NM_001252335,ENST00000281282,113,15,1302,0.0001,0.52768,0.48208
NM_001018090,ENST00000380569,58,9,550,0.00028,0.50467,0.6297
NM_001242933,ENST00000261889,36,9,557,0.00045,0.53835,0.37782
NM_197961,ENST00000321147,31,8,847,0.0003,0.50619,0.45381
NM_207338,ENST00000695545,26,2,567,0.00014,0.52015,0.38977
NM_000499,ENST00000379727,24,1,512,8e-05,0.49455,0.66211
NM_001142444,ENST00000568176,30,3,508,0.0002,0.47467,0.64042
NM_033239,ENST00000268059,68,5,829,9e-05,0.45292,0.60965
NM_002675,ENST00000395135,51,2,633,6e-05,0.41189,0.53634
NM_002666,ENST00000300055,26,1,522,7e-05,0.41659,0.86207
NM_001145311,ENST00000430628,26,1,522,7e-05,0.41659,0.86207
NM_002005,ENST00000328850,78,4,822,6e-05,0.43785,0.58577
NM_014848,ENST00000394232,27,2,683,0.00011,0.47036,0.51976
NM_001166289,ENST00000425933,17,0,434,0.0,0.51721,
NM_001003938,ENST00000356815,12,0,141,0.0,0.43203,
NM_001171894,ENST00000557785,41,6,497,0.00029,0.66933,0.5379
NM_194261,ENST00000325437,8,3,158,0.00237,0.7326,0.79325
NM_020912,ENST00000416288,54,3,715,8e-05,0.52512,0.31888
NM_022468,ENST00000336577,35,2,562,0.0001,0.49253,0.68416
NM_000243,ENST00000219596,48,4,781,0.00011,0.47445,0.47247
NM_001199055,ENST00000633324,6,0,169,0.0,0.49211,
NM_001199055,ENST00000563507,6,0,169,0.0,0.49211,
NM_002705,ENST00000345988,171,12,1756,4e-05,0.50563,0.4338
NR_024320,ENST00000571688,7,0,161,0.0,0.50133,
NM_001034841,ENST00000381440,19,1,535,0.0001,0.63797,0.53084
NM_173475,ENST00000324344,14,1,304,0.00023,0.53524,0.57237
NM_144672,ENST00000646100,69,5,1139,6e-05,0.47233,0.54346
NM_000336,ENST00000343070,28,3,640,0.00017,0.59029,0.46302
NM_001145812,ENST00000337120,28,2,671,0.00011,0.61172,0.87034
NM_004783,ENST00000279394,93,8,1049,8e-05,0.57561,0.55112
NM_016633,ENST00000302312,8,0,102,0.0,0.50735,
NM_001205259,ENST00000561509,5,0,124,0.0,0.44355,
NM_001006610,ENST00000356721,18,4,313,0.00071,0.62637,0.75878
NM_024335,ENST00000290552,22,3,446,0.00031,0.50163,0.45217
NM_001043,ENST00000379906,18,2,617,0.00018,0.53368,0.58671
NM_001199317,ENST00000379486,8,0,195,0.0,0.50769,
NM_001172644,ENST00000545043,8,3,240,0.00156,0.50313,0.48889
NM_001172645,ENST00000417693,8,3,247,0.00152,0.51012,0.49393
NM_181641,ENST00000345436,4,1,120,0.00208,0.45625,0.325
NM_181272,ENST00000336328,3,1,116,0.00287,0.51149,0.16379
NM_001193522,ENST00000379312,64,6,1223,8e-05,0.50562,0.56841
NM_001193524,ENST00000428437,64,6,1233,8e-05,0.50973,0.57191
NM_001145963,ENST00000537830,31,2,1079,6e-05,0.61954,0.43512
NM_001025433,ENST00000379047,12,2,240,0.00069,0.60868,0.61875
NM_199355,ENST00000282849,84,10,1221,0.0001,0.53264,0.50672
NM_130791,ENST00000355860,6,2,189,0.00176,0.3977,0.35714
NM_001170720,ENST00000535626,49,4,722,0.00011,0.56498,0.52839
NM_001145400,ENST00000315906,28,3,583,0.00018,0.41534,0.32133
NM_001184856,ENST00000347925,19,4,489,0.00043,0.47594,0.42587
NM_001173542,ENST00000538234,54,7,508,0.00026,0.62562,0.83577
NM_182705,ENST00000640199,3,1,214,0.00156,0.40966,0.03271
NM_182705,ENST00000329099,2,0,144,0.0,0.40278,
NM_001242822,ENST00000418391,18,1,197,0.00028,0.52707,0.1269
NM_001242816,ENST00000570182,26,1,441,9e-05,0.43651,0.05669
NM_207514,ENST00000268676,32,1,512,6e-05,0.4372,0.16797
NM_172367,ENST00000333813,10,2,177,0.00113,0.50452,0.41526
NM_001164407,ENST00000611774,8,1,264,0.00047,0.56534,0.85985
NM_001164407,ENST00000330676,8,1,264,0.00047,0.56534,0.85985
NR_028075,ENST00000434376,25,1,342,0.00012,0.50795,0.89766
NR_028075,ENST00000631462,25,1,342,0.00012,0.50795,0.89766
NM_001080779,ENST00000648651,59,4,1063,6e-05,0.52255,0.60489
NM_001243108,ENST00000572940,42,5,922,0.00013,0.48665,0.44772
NM_182566,ENST00000328739,6,1,202,0.00083,0.57838,0.11881
NM_001144940,ENST00000416307,3,1,102,0.00327,0.62745,0.23529
NM_014922,ENST00000571451,88,12,1429,0.0001,0.48033,0.41054
NM_181844,ENST00000293805,20,1,479,0.0001,0.5285,0.82255
NM_213597,ENST00000643221,30,8,492,0.00054,0.53537,0.56301
NM_173728,ENST00000361926,53,3,841,7e-05,0.54695,0.40507
NM_025014,ENST00000421050,53,3,841,7e-05,0.54695,0.40507
NM_001142633,ENST00000447110,48,4,880,9e-05,0.50575,0.42358
NM_201433,ENST00000432992,32,5,476,0.00033,0.54313,0.54118
NM_001165962,ENST00000426905,46,2,786,6e-05,0.51953,0.58524
NM_001135167,ENST00000444455,24,0,453,0.0,0.39082,
NM_001033553,ENST00000261503,59,14,1068,0.00022,0.55197,0.55217
NR_024043,ENST00000467111,6,0,75,0.0,0.42444,
NM_001304,ENST00000225719,51,14,1380,0.0002,0.56888,0.64281
NM_001193530,ENST00000436961,16,6,485,0.00077,0.58724,0.67938
NM_033315,ENST00000603017,8,0,203,0.0,0.4298,
NM_032962,ENST00000619040,5,1,109,0.00183,0.54495,0.33945
NM_032962,ENST00000622526,5,1,109,0.00183,0.54495,0.33945
NM_001488,ENST00000612272,25,2,443,0.00018,0.49598,0.39504
NM_001488,ENST00000622522,25,2,443,0.00018,0.49598,0.39504
NM_001165959,ENST00000520542,21,0,407,0.0,0.50954,
NM_000526,ENST00000167586,25,0,472,0.0,0.67814,
NM_005557,ENST00000301653,32,1,473,7e-05,0.69424,0.68922
NM_000421,ENST00000269576,30,10,584,0.00057,0.58362,0.65445
NM_002274,ENST00000336861,23,0,420,0.0,0.68468,
NM_007299,ENST00000468300,43,11,699,0.00037,0.42529,0.36299
NM_004527,ENST00000318579,14,1,254,0.00028,0.55484,0.35039
NM_024032,ENST00000319977,51,6,647,0.00018,0.48374,0.34827
NM_001168324,ENST00000293396,8,2,233,0.00107,0.54131,0.84335
NM_001168323,ENST00000377203,11,2,273,0.00067,0.55545,0.9066
NM_145273,ENST00000317310,17,2,332,0.00035,0.52339,0.84789
NM_001123066,ENST00000629368,37,0,776,0.0,0.43748,
NM_001123066,ENST00000618029,37,0,776,0.0,0.43748,
NM_001123066,ENST00000415613,37,0,776,0.0,0.43748,
NM_138355,ENST00000290216,38,5,425,0.00031,0.6418,0.64
NM_001144070,ENST00000427699,23,4,572,0.0003,0.58551,0.41521
NM_001162862,ENST00000572558,11,2,231,0.00079,0.58756,0.91775
NM_000250,ENST00000225275,37,1,745,4e-05,0.54236,0.92752
NM_001256334,ENST00000507896,86,4,2194,2e-05,0.53125,0.26538
NM_000717,ENST00000300900,18,3,312,0.00053,0.56143,0.66239
NM_000334,ENST00000435607,56,6,1836,6e-05,0.50125,0.4607
NM_001099787,ENST00000418105,15,1,275,0.00024,0.58255,0.25818
NM_001099788,ENST00000579687,15,1,275,0.00024,0.58255,0.25818
NM_001174166,ENST00000327268,15,4,523,0.00051,0.55245,0.44838
NM_001050,ENST00000357585,11,0,369,0.0,0.60754,
NM_012121,ENST00000335793,10,3,356,0.00084,0.4014,0.46161
NM_181449,ENST00000392619,8,1,205,0.00061,0.51646,0.25366
NM_212472,ENST00000392711,22,2,381,0.00024,0.46087,0.48032
NM_001142643,ENST00000433559,59,10,1120,0.00015,0.46937,0.40759
NM_020753,ENST00000321617,63,11,1202,0.00015,0.47529,0.40758
NM_001242535,ENST00000336509,15,1,449,0.00015,0.44855,0.26281
NM_001012271,ENST00000301633,5,0,165,0.0,0.51879,
NM_019020,ENST00000310924,39,1,767,3e-05,0.51315,0.74837
NM_001080395,ENST00000326724,59,3,1374,4e-05,0.45525,0.54876
NM_001143998,ENST00000436233,28,4,715,0.0002,0.51958,0.36608
NM_001185078,ENST00000400721,10,0,160,0.0,0.32687,
NM_001042422,ENST00000392341,9,2,465,0.00048,0.42987,0.50215
NM_001099733,ENST00000450565,5,2,176,0.00227,0.775,0.87784
NR_033265,ENST00000329197,9,1,331,0.00034,0.34877,0.51057
NM_001243702,ENST00000651870,22,5,449,0.00051,0.56813,0.65167
NM_173210,ENST00000551541,14,4,252,0.00113,0.54875,0.61806
NM_001279,ENST00000320477,9,4,219,0.00203,0.49772,0.5936
NM_138375,ENST00000420687,14,2,368,0.00039,0.48583,0.5394
NM_138644,ENST00000399499,25,8,379,0.00084,0.49974,0.53991
NM_001944,ENST00000257189,50,8,999,0.00016,0.45566,0.35849
NM_024423,ENST00000434452,27,7,839,0.00031,0.54518,0.32999
NM_004948,ENST00000257197,51,12,840,0.00028,0.50539,0.37034
NM_017831,ENST00000217740,6,1,232,0.00072,0.6056,0.55603
NM_198995,ENST00000300227,54,13,829,0.00029,0.57696,0.56751
NM_017947,ENST00000261326,46,2,888,5e-05,0.59469,0.8125
NM_144612,ENST00000536736,62,3,2211,2e-05,0.48218,0.55782
NM_173557,ENST00000312828,13,1,203,0.00038,0.44676,0.6798
NM_001143818,ENST00000457692,18,3,415,0.0004,0.39545,0.5743
NM_198833,ENST00000397985,12,0,374,0.0,0.37277,
NM_138966,ENST00000327305,27,9,533,0.00063,0.48843,0.45049
NM_001480,ENST00000299727,7,2,349,0.00082,0.62751,0.80372
NM_001914,ENST00000494131,3,1,98,0.0034,0.2483,0.54082
NM_012283,ENST00000316249,11,0,466,0.0,0.61861,
NM_001025101,ENST00000355994,14,1,304,0.00023,0.46899,0.44737
NM_001243233,ENST00000561992,28,6,537,0.0004,0.54489,0.51055
NM_001243231,ENST00000543082,32,8,625,0.0004,0.5476,0.4614
NM_003199,ENST00000356073,35,9,667,0.00039,0.52722,0.44094
NM_001243227,ENST00000537578,32,8,647,0.00039,0.55854,0.47431
NM_001243228,ENST00000564403,36,9,677,0.00037,0.51986,0.44001
NM_214710,ENST00000613411,8,0,283,0.0,0.46201,
NM_001700,ENST00000620695,17,0,251,0.0,0.49168,
NM_001700,ENST00000233997,17,0,251,0.0,0.49168,
NM_002777,ENST00000234347,17,1,256,0.00023,0.44807,0.54688
NM_002777,ENST00000612112,17,1,256,0.00023,0.44807,0.54688
NM_001972,ENST00000615489,14,1,267,0.00027,0.48315,0.8839
NM_001972,ENST00000263621,14,1,267,0.00027,0.48315,0.8839
NM_005224,ENST00000263620,40,4,593,0.00017,0.47213,0.4882
NM_031990,ENST00000394601,31,0,550,0.0,0.53507,
NM_031213,ENST00000250974,12,1,361,0.00023,0.53232,0.30748
NM_001201340,ENST00000454510,35,5,848,0.00017,0.60566,0.39788
NM_001974,ENST00000312053,34,5,886,0.00017,0.51989,0.40248
NM_174918,ENST00000333598,16,4,174,0.00144,0.51257,0.58333
NM_020415,ENST00000221515,5,0,108,0.0,0.63704,
NM_001079817,ENST00000341500,52,3,1370,4e-05,0.48028,0.73601
NM_032152,ENST00000423345,35,5,670,0.00021,0.49612,0.6191
NM_001039667,ENST00000393962,33,2,368,0.00016,0.47538,0.59375
NR_026692,ENST00000315599,60,5,404,0.00021,0.43692,0.39901
NM_021155,ENST00000315599,60,5,404,0.00021,0.43692,0.39901
NM_015719,ENST00000264828,89,9,1745,6e-05,0.43326,0.55588
NM_015956,ENST00000253099,17,2,311,0.00038,0.4651,0.6865
NM_001136482,ENST00000397820,13,1,230,0.00033,0.43478,0.65217
NM_001243204,ENST00000591104,19,1,296,0.00018,0.45804,0.1723
NM_001128846,ENST00000589677,109,6,1616,3e-05,0.45214,0.69183
NR_046366,ENST00000324340,21,3,322,0.00044,0.53815,0.22464
NM_202468,ENST00000586027,10,1,333,0.0003,0.5027,0.7027
NM_013447,ENST00000315576,43,6,823,0.00017,0.47537,0.41414
NM_000435,ENST00000263388,105,4,2321,2e-05,0.48083,0.74181
NM_003950,ENST00000248076,11,1,385,0.00024,0.46328,0.61299
NM_138454,ENST00000301944,13,1,212,0.00036,0.49383,0.21226
NM_004750,ENST00000392386,16,0,422,0.0,0.59049,
NM_001171949,ENST00000222307,7,1,176,0.00081,0.556,0.72727
NM_000095,ENST00000222271,54,3,757,7e-05,0.50516,0.39322
NM_001256766,ENST00000450333,20,1,376,0.00013,0.54003,0.01596
NM_001256650,ENST00000598381,21,1,803,6e-05,0.44096,0.02242
NM_004364,ENST00000498907,17,1,358,0.00016,0.53763,0.91899
NM_019849,ENST00000253188,12,1,523,0.00016,0.48741,0.99809
NM_001031726,ENST00000623113,9,2,141,0.00158,0.71474,0.54256
NM_014686,ENST00000634164,3,1,27,0.01235,0.17284,0.07407
NM_014686,ENST00000299505,95,11,1070,0.00011,0.5075,0.448
NM_014686,ENST00000623152,12,1,159,0.00052,0.37841,0.72327
NM_005304,ENST00000327809,15,1,346,0.00019,0.68227,0.95954
NM_005306,ENST00000599180,13,0,330,0.0,0.57063,
NM_001244847,ENST00000484218,3,0,85,0.0,0.56078,
NM_207392,ENST00000338897,4,0,99,0.0,0.53283,
NM_001166034,ENST00000452271,55,3,590,9e-05,0.54324,0.39379
NM_198538,ENST00000518157,15,2,247,0.00054,0.61646,0.46558
NM_001242598,ENST00000222284,5,0,224,0.0,0.50446,
NM_001035516,ENST00000408915,6,0,90,0.0,0.57037,
NM_001190347,ENST00000429837,27,2,449,0.00016,0.53304,0.52784
NM_001126056,ENST00000419602,27,3,465,0.00024,0.52696,0.56846
NM_001126057,ENST00000424570,19,3,398,0.0004,0.4479,0.59883
NM_001172692,ENST00000536220,43,4,665,0.00014,0.48159,0.28158
NM_001146206,ENST00000622174,23,0,484,0.0,0.44682,
NM_001146207,ENST00000617966,27,1,576,6e-05,0.4528,0.46354
NM_001146202,ENST00000586305,36,4,659,0.00017,0.43698,0.42451
NM_170604,ENST00000615439,36,4,673,0.00017,0.44234,0.43648
NM_021913,ENST00000301178,52,4,894,9e-05,0.41234,0.19827
NM_001817,ENST00000221954,13,0,244,0.0,0.48613,
NM_001817,ENST00000616476,13,0,244,0.0,0.48613,
NM_001815,ENST00000357396,15,3,252,0.00079,0.51296,0.45635
NM_001098506,ENST00000629689,18,2,293,0.00038,0.5711,0.43344
NM_001098506,ENST00000401445,18,2,293,0.00038,0.5711,0.43344
NR_030765,ENST00000221943,14,0,257,0.0,0.48277,
NM_002698,ENST00000389341,37,2,463,0.00012,0.37499,0.2905
NM_001816,ENST00000244336,18,6,349,0.00096,0.46164,0.61939
NM_005357,ENST00000244289,68,16,1076,0.00022,0.33877,0.2195
NM_002783,ENST00000406070,21,5,419,0.00057,0.47119,0.55608
NM_001130167,ENST00000404209,19,3,419,0.00038,0.46137,0.59507
NM_002781,ENST00000342951,15,3,335,0.0006,0.46189,0.3612
NM_020406,ENST00000618265,26,3,437,0.00026,0.49076,0.53242
NM_001031749,ENST00000377950,16,1,251,0.00025,0.57445,0.93227
NM_005282,ENST00000323040,10,2,362,0.00055,0.61823,0.56354
NM_000164,ENST00000590918,24,2,466,0.00018,0.42436,0.51395
NM_005091,ENST00000008938,13,0,196,0.0,0.53925,
NM_022462,ENST00000244303,27,0,600,0.0,0.48975,
NM_001736,ENST00000355085,10,1,350,0.00029,0.70171,0.27714
NM_018485,ENST00000600626,8,0,337,0.0,0.67174,
NM_001079880,ENST00000433867,41,3,878,8e-05,0.55217,0.83371
NM_001079881,ENST00000291281,41,3,878,8e-05,0.55217,0.83371
NM_000148,ENST00000645652,16,4,365,0.00068,0.45668,0.5863
NM_001193646,ENST00000423777,15,2,282,0.00047,0.65839,0.5195
NM_144507,ENST00000320838,2,0,32,0.0,0.4375,
NM_144505,ENST00000391806,23,3,305,0.00043,0.44505,0.27541
NM_001101372,ENST00000270642,12,1,336,0.00025,0.47842,0.49702
NM_001198558,ENST00000440804,20,3,479,0.00031,0.44718,0.35908
NM_001098612,ENST00000360844,24,3,396,0.00032,0.52862,0.60269
NM_001177608,ENST00000391796,13,4,310,0.00099,0.43548,0.48226
NM_001005738,ENST00000340023,5,1,351,0.00057,0.77094,0.99145
NM_030972,ENST00000319783,33,9,705,0.00039,0.37017,0.47565
NM_001102603,ENST00000429604,42,4,818,0.00012,0.4897,0.47005
NM_001202473,ENST00000391777,14,2,233,0.00061,0.54077,0.56438
NM_001172675,ENST00000601469,55,8,840,0.00017,0.45738,0.32411
NM_133169,ENST00000620283,10,0,267,0.0,0.46817,
NM_133169,ENST00000617834,10,0,267,0.0,0.46817,
NM_133169,ENST00000621328,10,0,267,0.0,0.46817,
NM_133169,ENST00000611987,10,0,267,0.0,0.46817,
NM_133169,ENST00000617210,10,0,267,0.0,0.46817,
NM_133169,ENST00000358375,10,0,263,0.0,0.4616,
NM_133169,ENST00000622288,10,0,267,0.0,0.46817,
NM_133169,ENST00000611535,10,0,263,0.0,0.4616,
NM_133169,ENST00000611143,10,0,267,0.0,0.46817,
NM_133169,ENST00000619170,10,0,267,0.0,0.46817,
NM_024318,ENST00000396365,27,4,481,0.00031,0.51105,0.50052
NM_024318,ENST00000620480,27,4,481,0.00031,0.51105,0.50052
NM_024318,ENST00000618982,28,5,481,0.00037,0.48864,0.43742
NM_006864,ENST00000445347,36,7,631,0.00031,0.50326,0.4854
NM_001081450,ENST00000245620,37,7,632,0.0003,0.51185,0.48486
NM_006865,ENST00000612127,22,6,439,0.00062,0.49948,0.56302
NM_006865,ENST00000615652,22,6,439,0.00062,0.49948,0.56302
NM_006865,ENST00000619638,22,6,439,0.00062,0.49948,0.56302
NM_006865,ENST00000620589,22,6,439,0.00062,0.49948,0.56302
NM_001080978,ENST00000610367,38,4,597,0.00018,0.50428,0.4887
NM_001080978,ENST00000314446,38,4,597,0.00018,0.50428,0.4887
NM_001080978,ENST00000621020,38,4,597,0.00018,0.50428,0.4887
NM_001080978,ENST00000614965,13,1,218,0.00035,0.59492,0.72936
NM_001080978,ENST00000610886,38,4,597,0.00018,0.50428,0.4887
NM_001081442,ENST00000614318,36,4,591,0.00019,0.5525,0.3934
NM_001081442,ENST00000616618,36,4,591,0.00019,0.5525,0.3934
NM_001081442,ENST00000449561,36,4,591,0.00019,0.5525,0.3934
NM_001081442,ENST00000621867,36,4,591,0.00019,0.5525,0.3934
NM_001081442,ENST00000619608,36,4,591,0.00019,0.5525,0.3934
NM_021250,ENST00000621042,16,4,299,0.00084,0.54661,0.44398
NM_021250,ENST00000612621,16,4,299,0.00084,0.54661,0.44398
NM_021250,ENST00000620091,16,4,299,0.00084,0.54661,0.44398
NM_021250,ENST00000432233,16,4,299,0.00084,0.54661,0.44398
NM_021250,ENST00000618711,16,4,299,0.00084,0.54661,0.44398
NM_012314,ENST00000617783,12,2,398,0.00042,0.49016,0.51507
NM_012314,ENST00000644154,10,2,304,0.00066,0.49934,0.51973
NM_012314,ENST00000612783,10,2,304,0.00066,0.49934,0.51973
NM_012314,ENST00000611311,10,2,304,0.00066,0.49934,0.51973
NM_012314,ENST00000614639,10,2,301,0.00066,0.49435,0.51495
NM_012314,ENST00000619771,10,2,304,0.00066,0.49934,0.51973
NM_012314,ENST00000613654,10,2,304,0.00066,0.49934,0.51973
NM_012314,ENST00000617469,10,2,304,0.00066,0.49934,0.51973
NM_012314,ENST00000620669,10,2,304,0.00066,0.49934,0.51973
NM_012314,ENST00000617825,10,2,304,0.00066,0.49934,0.51973
NM_012314,ENST00000621436,10,2,304,0.00066,0.49934,0.51973
NM_001081638,ENST00000613145,44,9,651,0.00031,0.5148,0.48763
NM_001081638,ENST00000618681,44,9,651,0.00031,0.5148,0.48763
NM_001081638,ENST00000396327,44,9,651,0.00031,0.5148,0.48763
NM_133273,ENST00000391726,13,2,179,0.00086,0.5333,0.46369
NM_133273,ENST00000618287,15,3,275,0.00073,0.51612,0.50546
NM_133273,ENST00000615361,13,2,179,0.00086,0.5333,0.46369
NM_133273,ENST00000612159,13,2,179,0.00086,0.5333,0.46369
NM_133273,ENST00000614298,13,2,179,0.00086,0.5333,0.46369
NM_133273,ENST00000639455,13,2,179,0.00086,0.5333,0.46369
NM_133273,ENST00000615888,16,3,191,0.00098,0.47153,0.34729
NM_133273,ENST00000614954,13,2,179,0.00086,0.5333,0.46369
NM_133273,ENST00000617696,13,2,179,0.00086,0.5333,0.46369
NM_133273,ENST00000613298,13,2,179,0.00086,0.5333,0.46369
NM_133273,ENST00000616878,13,2,179,0.00086,0.5333,0.46369
NM_133271,ENST00000621684,16,3,191,0.00098,0.47153,0.34729
NM_133271,ENST00000617778,16,3,191,0.00098,0.47153,0.34729
NM_133271,ENST00000345937,16,3,191,0.00098,0.47153,0.34729
NM_133271,ENST00000622543,16,3,191,0.00098,0.47153,0.34729
NM_133271,ENST00000640582,18,4,287,0.00077,0.45548,0.40244
NM_133271,ENST00000612150,16,3,191,0.00098,0.47153,0.34729
NM_133271,ENST00000617025,16,3,191,0.00098,0.47153,0.34729
NM_133271,ENST00000615888,16,3,191,0.00098,0.47153,0.34729
NM_133271,ENST00000610397,16,3,191,0.00098,0.47153,0.34729
NM_133271,ENST00000612918,16,3,191,0.00098,0.47153,0.34729
NM_133271,ENST00000638206,16,3,191,0.00098,0.47153,0.34729
NM_133271,ENST00000621009,16,3,191,0.00098,0.47153,0.34729
NM_133278,ENST00000620162,15,3,253,0.00079,0.52622,0.52042
NM_133278,ENST00000611018,15,3,253,0.00079,0.52622,0.52042
NM_133278,ENST00000620270,15,3,253,0.00079,0.52622,0.52042
NM_133278,ENST00000611130,15,3,253,0.00079,0.52622,0.52042
NM_133278,ENST00000640582,18,4,287,0.00077,0.45548,0.40244
NM_133278,ENST00000622014,15,3,253,0.00079,0.52622,0.52042
NM_133278,ENST00000639428,15,3,253,0.00079,0.52622,0.52042
NM_133278,ENST00000615937,15,3,253,0.00079,0.52622,0.52042
NM_133278,ENST00000620873,15,3,253,0.00079,0.52622,0.52042
NM_133278,ENST00000391724,15,3,253,0.00079,0.52622,0.52042
NM_133278,ENST00000622904,15,3,253,0.00079,0.52622,0.52042
NM_133278,ENST00000613685,15,3,253,0.00079,0.52622,0.52042
NM_133272,ENST00000611871,15,3,275,0.00073,0.51612,0.50546
NM_133272,ENST00000616340,15,3,275,0.00073,0.51612,0.50546
NM_133272,ENST00000618287,15,3,275,0.00073,0.51612,0.50546
NM_133272,ENST00000622777,15,3,275,0.00073,0.51612,0.50546
NM_133272,ENST00000640582,18,4,287,0.00077,0.45548,0.40244
NM_133272,ENST00000621004,15,3,275,0.00073,0.51612,0.50546
NM_133272,ENST00000639223,15,3,275,0.00073,0.51612,0.50546
NM_133272,ENST00000615040,15,3,275,0.00073,0.51612,0.50546
NM_133272,ENST00000359272,15,3,275,0.00073,0.51612,0.50546
NM_133272,ENST00000617609,15,3,275,0.00073,0.51612,0.50546
NM_133272,ENST00000618328,15,3,275,0.00073,0.51612,0.50546
NM_133272,ENST00000618149,15,3,275,0.00073,0.51612,0.50546
NM_133269,ENST00000619414,18,4,265,0.00084,0.46562,0.4151
NM_133269,ENST00000640582,18,4,287,0.00077,0.45548,0.40244
NM_133269,ENST00000614433,18,4,265,0.00084,0.46562,0.4151
NM_133269,ENST00000617610,18,4,265,0.00084,0.46562,0.4151
NM_133269,ENST00000618805,18,4,265,0.00084,0.46562,0.4151
NM_133269,ENST00000611943,18,4,265,0.00084,0.46562,0.4151
NM_133269,ENST00000614917,18,4,265,0.00084,0.46562,0.4151
NM_133269,ENST00000619822,18,4,265,0.00084,0.46562,0.4151
NM_133269,ENST00000391725,18,4,265,0.00084,0.46562,0.4151
NM_133269,ENST00000615110,18,4,265,0.00084,0.46562,0.4151
NM_133269,ENST00000614893,18,4,265,0.00084,0.46562,0.4151
NM_133269,ENST00000639178,18,4,265,0.00084,0.46562,0.4151
NM_002000,ENST00000621702,18,4,287,0.00077,0.45548,0.40244
NM_002000,ENST00000619385,18,4,287,0.00077,0.45548,0.40244
NM_002000,ENST00000640582,18,4,287,0.00077,0.45548,0.40244
NM_002000,ENST00000620801,18,4,287,0.00077,0.45548,0.40244
NM_002000,ENST00000622737,18,4,287,0.00077,0.45548,0.40244
NM_002000,ENST00000622157,18,4,287,0.00077,0.45548,0.40244
NM_002000,ENST00000612836,18,4,287,0.00077,0.45548,0.40244
NM_002000,ENST00000615829,18,4,287,0.00077,0.45548,0.40244
NM_002000,ENST00000638212,18,4,287,0.00077,0.45548,0.40244
NM_002000,ENST00000614226,18,4,287,0.00077,0.45548,0.40244
NM_002000,ENST00000355524,18,4,287,0.00077,0.45548,0.40244
NM_002000,ENST00000613199,18,4,287,0.00077,0.45548,0.40244
NM_001199824,ENST00000612221,14,1,359,0.0002,0.43414,0.30084
NM_001012729,ENST00000554048,21,4,204,0.00093,0.52031,0.52083
NM_001098491,ENST00000424930,30,1,511,7e-05,0.49002,0.27397
NM_012312,ENST00000613378,9,1,304,0.00037,0.5296,0.97039
NM_012312,ENST00000617984,9,1,304,0.00037,0.5296,0.97039
NM_012312,ENST00000618364,9,1,304,0.00037,0.5296,0.97039
NM_012312,ENST00000622127,9,1,304,0.00037,0.5296,0.97039
NM_012312,ENST00000614231,9,1,304,0.00037,0.5296,0.97039
NM_012312,ENST00000611495,9,1,304,0.00037,0.5296,0.97039
NM_012312,ENST00000614727,9,1,304,0.00037,0.5296,0.97039
NM_012312,ENST00000619473,9,1,304,0.00037,0.5296,0.97039
NM_012312,ENST00000610441,9,1,304,0.00037,0.5296,0.97039
NM_012312,ENST00000612182,9,1,304,0.00037,0.5296,0.97039
NM_012312,ENST00000617284,9,1,304,0.00037,0.5296,0.97039
NM_012312,ENST00000616472,9,1,304,0.00037,0.5296,0.97039
NM_014513,ENST00000619479,10,2,398,0.0005,0.5593,0.7211
NM_014513,ENST00000639440,9,2,304,0.00073,0.5296,0.63486
NM_014513,ENST00000615980,9,2,304,0.00073,0.5296,0.63486
NM_014513,ENST00000618443,9,2,304,0.00073,0.5296,0.63486
NM_014513,ENST00000614053,9,2,304,0.00073,0.5296,0.63486
NM_014513,ENST00000619788,9,2,304,0.00073,0.5296,0.63486
NM_014513,ENST00000619698,9,2,304,0.00073,0.5296,0.63486
NM_014746,ENST00000320892,18,5,292,0.00095,0.38566,0.36986
NM_004850,ENST00000315872,105,35,1388,0.00024,0.56695,0.57791
NM_001177718,ENST00000535335,26,1,495,8e-05,0.4791,0.5596
NM_001002006,ENST00000359846,37,6,610,0.00027,0.43177,0.51175
NM_000384,ENST00000707961,243,39,4563,4e-05,0.50685,0.46046
NM_000384,ENST00000233242,243,39,4563,4e-05,0.50685,0.46046
NM_183361,ENST00000405222,44,8,560,0.00032,0.51721,0.56831
NM_017877,ENST00000344420,17,0,371,0.0,0.42096,
NM_194323,ENST00000339598,46,3,1230,5e-05,0.38323,0.35989
NM_001199138,ENST00000402280,55,7,1024,0.00012,0.44274,0.54088
NM_021209,ENST00000360906,55,7,1024,0.00012,0.44274,0.54088
NM_001177972,ENST00000457137,8,1,203,0.00062,0.61453,0.53695
NM_001177971,ENST00000379241,32,6,656,0.00029,0.49819,0.4906
NM_001430,ENST00000263734,44,5,870,0.00013,0.56202,0.68322
NM_001128210,ENST00000443619,12,2,415,0.0004,0.34418,0.10723
NM_181784,ENST00000356388,12,2,418,0.0004,0.34888,0.11364
NM_001115116,ENST00000360589,18,0,530,0.0,0.2392,
NM_024933,ENST00000272421,21,0,343,0.0,0.44523,
NM_001130980,ENST00000409762,94,8,2097,4e-05,0.52841,0.4938
NM_001130985,ENST00000410041,95,8,2098,4e-05,0.52322,0.49404
NM_001130987,ENST00000410020,95,8,2119,4e-05,0.52116,0.49286
NM_001058,ENST00000305249,11,0,407,0.0,0.5048,
NM_032827,ENST00000306279,13,1,321,0.00024,0.60364,0.44237
NM_001164731,ENST00000535845,6,1,174,0.00096,0.54119,0.64943
NM_016316,ENST00000258428,75,14,1251,0.00015,0.50626,0.51062
NM_004633,ENST00000332549,12,0,398,0.0,0.50314,
NM_003855,ENST00000233957,10,2,541,0.00037,0.39815,0.17098
NM_001193483,ENST00000544547,13,0,337,0.0,0.35563,
NM_004834,ENST00000634702,81,18,1165,0.00019,0.46867,0.43019
NM_145686,ENST00000350878,92,21,1273,0.00018,0.46906,0.44211
NM_014438,ENST00000259213,9,2,164,0.00136,0.43496,0.06402
NM_012275,ENST00000393200,9,0,155,0.0,0.57133,
NM_001204109,ENST00000436733,11,4,140,0.0026,0.35,0.36964
NM_138624,ENST00000431217,11,4,135,0.00269,0.36296,0.38334
NM_020548,ENST00000535757,1,1,104,0.00962,0.48077,0.48077
NM_002193,ENST00000295228,17,1,407,0.00014,0.5219,0.75184
NM_005291,ENST00000272644,9,1,367,0.0003,0.41417,0.53951
NM_001032998,ENST00000375773,8,5,307,0.00204,0.45358,0.56612
NM_001177663,ENST00000453091,110,33,2446,0.00012,0.50588,0.55284
NM_001111031,ENST00000409680,22,3,443,0.00031,0.54864,0.43341
NM_001111032,ENST00000335450,21,2,413,0.00023,0.54468,0.51694
NM_145259,ENST00000243349,24,3,493,0.00025,0.54911,0.49087
NM_003742,ENST00000650372,73,14,1321,0.00015,0.54827,0.5638
NM_003742,ENST00000618180,28,6,451,0.00048,0.5297,0.51663
NM_001003845,ENST00000375281,19,1,398,0.00013,0.48995,0.59296
NM_052946,ENST00000618893,22,0,392,0.0,0.42509,
NM_052946,ENST00000397206,25,1,428,9e-05,0.42234,0.06776
NM_199204,ENST00000357546,8,3,319,0.00118,0.6489,0.814
NM_001142270,ENST00000436483,8,3,319,0.00118,0.6489,0.814
NM_001008489,ENST00000359744,9,7,241,0.00323,0.63578,0.66864
NR_045769,ENST00000417080,29,9,395,0.00079,0.6426,0.64951
NM_001206774,ENST00000409364,14,4,413,0.00069,0.49827,0.61017
NM_001168216,ENST00000439802,22,6,395,0.00069,0.47066,0.49958
NM_032976,ENST00000492363,20,7,273,0.00128,0.60769,0.81162
NM_000634,ENST00000295683,8,1,350,0.00036,0.59072,0.02
NM_001168298,ENST00000318507,7,0,360,0.0,0.66547,
NM_000578,ENST00000233202,21,2,550,0.00017,0.44545,0.37454
NM_170699,ENST00000519574,12,1,330,0.00025,0.66616,0.68182
NM_006522,ENST00000233948,17,2,365,0.00032,0.47446,0.61506
NM_024785,ENST00000389874,22,1,272,0.00017,0.54863,0.01471
NM_181458,ENST00000392070,31,5,484,0.00033,0.54132,0.61983
NM_025243,ENST00000644224,18,1,496,0.00011,0.57135,0.94758
NM_138336,ENST00000307266,9,1,252,0.00044,0.57407,0.97222
NM_057167,ENST00000353578,158,21,2971,4e-05,0.45392,0.6074
NM_057164,ENST00000392003,64,4,1036,6e-05,0.49157,0.47732
NM_015985,ENST00000381922,55,4,503,0.00014,0.39805,0.32008
NM_001134836,ENST00000444444,13,2,244,0.00063,0.47636,0.40984
NM_001083910,ENST00000381603,4,2,181,0.00276,0.45166,0.58288
NM_006065,ENST00000381605,17,4,398,0.00059,0.611,0.60866
NM_001135844,ENST00000279477,19,2,398,0.00026,0.56929,0.67964
NM_080792,ENST00000356025,27,4,504,0.00029,0.57914,0.6751
NM_001040023,ENST00000358771,27,4,504,0.00029,0.57914,0.6751
NM_001184699,ENST00000380605,32,8,734,0.00034,0.41979,0.44346
NM_000490,ENST00000380293,8,1,164,0.00076,0.57012,0.2378
NM_139322,ENST00000446916,50,5,1272,8e-05,0.59759,0.71053
NM_052970,ENST00000254963,36,2,686,8e-05,0.45769,0.47668
NM_001172130,ENST00000375862,25,1,525,8e-05,0.55429,0.99429
NM_175849,ENST00000348286,38,3,770,0.0001,0.42088,0.31039
NM_001725,ENST00000642449,23,4,483,0.00036,0.51184,0.59938
NM_001199514,ENST00000373872,12,2,237,0.0007,0.65717,0.55275
NM_001242920,ENST00000420868,15,1,398,0.00017,0.54154,0.79146
NM_006227,ENST00000372431,22,3,493,0.00028,0.47308,0.40365
NM_001164116,ENST00000360314,44,6,786,0.00017,0.53594,0.59605
NM_021810,ENST00000350849,8,2,165,0.00152,0.44242,0.6606
NM_014835,ENST00000358053,19,1,468,0.00011,0.46637,0.34615
NM_022161,ENST00000342412,14,1,280,0.00026,0.51531,0.05
NM_080794,ENST00000307301,12,1,353,0.00024,0.59207,0.31161
NM_001204176,ENST00000400127,14,1,232,0.00031,0.42518,0.15086
NM_024944,ENST00000299295,15,1,273,0.00024,0.48401,0.27839
NM_007038,ENST00000284987,41,3,930,8e-05,0.48733,0.67383
NM_178817,ENST00000399784,11,2,172,0.00106,0.67759,0.66279
NM_206898,ENST00000339944,4,0,102,0.0,0.80147,
NM_001204303,ENST00000348990,39,5,695,0.00018,0.54363,0.64748
NM_201414,ENST00000348990,39,5,695,0.00018,0.54363,0.64748
NM_001001132,ENST00000381291,121,31,1220,0.00021,0.46253,0.39582
NM_001243429,ENST00000398897,15,2,363,0.00037,0.47842,0.59091
NM_015500,ENST00000380486,39,6,696,0.00022,0.45303,0.59531
NM_016818,ENST00000398449,19,3,666,0.00024,0.51272,0.7057
NM_004915,ENST00000361802,21,3,678,0.00021,0.51461,0.70501
NM_207174,ENST00000343687,20,3,677,0.00022,0.49505,0.71049
NM_173354,ENST00000270162,53,3,783,7e-05,0.51984,0.65049
NM_001001572,ENST00000398227,15,3,433,0.00046,0.61062,0.64204
NM_001001582,ENST00000398225,25,4,552,0.00029,0.48217,0.5779
NM_001145437,ENST00000457828,33,3,652,0.00014,0.56544,0.63651
NM_001178010,ENST00000437685,31,3,598,0.00016,0.40862,0.2932
NM_001130861,ENST00000403084,13,1,303,0.00025,0.35517,0.13201
NM_019601,ENST00000358321,40,4,822,0.00012,0.52397,0.74118
NM_004121,ENST00000327365,39,2,586,9e-05,0.49002,0.41724
NM_001243225,ENST00000335214,25,0,583,0.0,0.55719,
NM_001184726,ENST00000407817,25,4,400,0.0004,0.5441,0.67125
NM_000355,ENST00000215838,26,5,427,0.00045,0.54792,0.61405
NM_134270,ENST00000358743,64,4,940,7e-05,0.48148,0.29202
NM_014227,ENST00000266086,18,3,659,0.00025,0.51981,0.696
NR_024194,ENST00000449058,32,4,492,0.00025,0.53608,0.29472
NM_145343,ENST00000319136,18,5,414,0.00067,0.5526,0.41932
NM_181773,ENST00000442487,11,1,183,0.0005,0.5539,0.06011
NM_001171661,ENST00000402438,13,0,278,0.0,0.46237,
NM_007172,ENST00000347635,14,4,468,0.00061,0.51191,0.55449
NM_001137605,ENST00000422871,14,2,331,0.00043,0.47971,0.64955
NM_015366,ENST00000006251,21,1,379,0.00013,0.44855,0.26121
NM_001242900,ENST00000359139,43,3,927,8e-05,0.39427,0.40165
NM_001173482,ENST00000432408,32,9,441,0.00064,0.4336,0.37667
NM_001113755,ENST00000252029,31,2,482,0.00013,0.45944,0.17427
NM_001130920,ENST00000354869,15,4,229,0.00116,0.55924,0.59498
NM_016829,ENST00000449570,28,3,322,0.00033,0.49723,0.40787
NM_001199623,ENST00000383817,15,2,251,0.00053,0.55219,0.59562
NM_022094,ENST00000336832,14,2,238,0.0006,0.56663,0.57353
NM_001199552,ENST00000675828,14,2,238,0.0006,0.56663,0.57353
NM_153460,ENST00000403601,48,4,720,0.00012,0.49363,0.59653
NM_000861,ENST00000397056,20,3,487,0.00031,0.51478,0.70637
NM_003178,ENST00000620175,28,5,478,0.00037,0.59892,0.73598
NM_133625,ENST00000621198,34,5,582,0.00025,0.56337,0.64948
NM_001128221,ENST00000424529,5,0,206,0.0,0.52913,
NM_001134945,ENST00000449238,9,0,104,0.0,0.58654,
NM_001134944,ENST00000437422,10,0,105,0.0,0.55333,
NM_005037,ENST00000397015,24,4,475,0.00035,0.63535,0.77053
NM_138712,ENST00000309576,24,4,475,0.00035,0.63535,0.77053
NM_001165035,ENST00000492059,66,6,1231,7e-05,0.49396,0.36488
NM_054110,ENST00000339732,47,3,639,0.0001,0.55049,0.69692
NM_001199256,ENST00000306698,18,4,292,0.00076,0.40126,0.38014
NR_046352,ENST00000707742,37,8,609,0.00036,0.50628,0.59504
NR_046352,ENST00000435630,37,8,609,0.00036,0.50628,0.59504
NM_016006,ENST00000644371,14,0,349,0.0,0.70978,
NM_020208,ENST00000358525,21,2,592,0.00016,0.45793,0.1326
NM_003965,ENST00000399036,11,1,344,0.00026,0.52933,0.9593
NM_001190707,ENST00000318962,67,4,953,6e-05,0.45,0.25997
NM_001199160,ENST00000434032,78,7,1419,6e-05,0.49168,0.59589
NM_001177642,ENST00000452060,31,3,895,0.00011,0.50607,0.51397
NM_033159,ENST00000395144,29,4,435,0.00032,0.51605,0.56322
NM_001198896,ENST00000494103,11,0,336,0.0,0.43047,
NM_020163,ENST00000231721,44,4,782,0.00012,0.48541,0.41177
NM_001126128,ENST00000295619,4,0,129,0.0,0.71124,
NM_001167674,ENST00000407528,22,6,435,0.00063,0.4,0.2636
NM_006070,ENST00000240851,60,11,400,0.00046,0.60429,0.59795
NM_138939,ENST00000440122,8,2,188,0.00133,0.48205,0.30053
NM_001164347,ENST00000481632,52,8,668,0.00023,0.48624,0.55932
NM_003947,ENST00000240874,132,16,1663,7e-05,0.47269,0.48185
NM_001024660,ENST00000360013,203,25,2986,4e-05,0.44049,0.44451
NM_002213,ENST00000296181,29,3,799,0.00013,0.49247,0.19816
NM_019001,ENST00000264951,90,28,1706,0.00018,0.58258,0.60241
NM_173552,ENST00000315691,19,4,430,0.00049,0.45998,0.71628
NM_003412,ENST00000282928,17,1,447,0.00013,0.39808,0.25951
NM_001184721,ENST00000484197,11,2,279,0.00065,0.4679,0.21505
NM_004835,ENST00000418473,9,0,359,0.0,0.52399,
NM_020353,ENST00000354952,16,4,329,0.00076,0.40711,0.45897
NM_001128304,ENST00000493382,16,4,329,0.00076,0.40711,0.45897
NM_001086,ENST00000232892,12,3,399,0.00063,0.62155,0.42606
NM_001114397,ENST00000329463,60,15,994,0.00025,0.42238,0.4271
NM_001114397,ENST00000626678,10,2,216,0.00093,0.61528,0.47222
NM_001163678,ENST00000483851,21,2,319,0.0003,0.55755,0.54389
NM_006884,ENST00000441443,22,2,331,0.00027,0.5515,0.52417
NM_003030,ENST00000389589,23,2,355,0.00024,0.56595,0.55634
NM_002852,ENST00000295927,15,0,381,0.0,0.50079,
NM_001105078,ENST00000468789,50,7,1051,0.00013,0.43066,0.44257
NM_001164000,ENST00000464456,48,7,1042,0.00014,0.42336,0.44393
NM_032047,ENST00000326505,20,3,378,0.0004,0.44947,0.55115
NM_182537,ENST00000334128,12,1,279,0.0003,0.60275,0.16487
NM_001145143,ENST00000428798,19,2,404,0.00026,0.54026,0.3552
NM_001171089,ENST00000457512,40,7,869,0.0002,0.52762,0.52342
NM_198485,ENST00000345063,12,2,275,0.00061,0.33545,0.36364
NM_173216,ENST00000169298,19,1,406,0.00013,0.50765,0.54187
NM_004797,ENST00000320741,11,0,244,0.0,0.55775,
NM_001177800,ENST00000444204,11,0,244,0.0,0.55775,
NM_021032,ENST00000454309,14,1,243,0.00029,0.47531,0.90123
NM_001167928,ENST00000439062,18,3,570,0.00029,0.56686,0.71287
NM_001039617,ENST00000296326,10,1,309,0.00032,0.60259,0.96764
NM_002577,ENST00000327134,22,11,524,0.00095,0.49913,0.51856
NM_001199021,ENST00000617421,13,2,331,0.00046,0.43295,0.63897
NM_178557,ENST00000423729,8,0,302,0.0,0.56043,
NM_020972,ENST00000290974,36,2,887,6e-05,0.44504,0.74295
NM_001145855,ENST00000435136,15,1,589,0.00011,0.53594,0.78608
NM_001256666,ENST00000324666,61,8,1265,0.0001,0.4932,0.44229
NM_001256668,ENST00000505311,58,6,1211,9e-05,0.48878,0.27374
NM_001166136,ENST00000310917,104,17,1228,0.00013,0.55081,0.51969
NM_032432,ENST00000407564,27,2,521,0.00014,0.493,0.62092
NM_001130086,ENST00000505872,28,2,559,0.00013,0.48326,0.57871
NM_001177384,ENST00000382401,80,5,999,6e-05,0.46304,0.40961
NM_001144990,ENST00000309447,65,10,1742,9e-05,0.45812,0.37681
NM_001085399,ENST00000314117,4,0,271,0.0,0.61347,
NM_001195106,ENST00000613579,35,8,811,0.00028,0.49847,0.43188
NM_001112717,ENST00000512946,42,6,1057,0.00014,0.40291,0.5812
NM_002253,ENST00000263923,58,4,1356,5e-05,0.5132,0.2535
NM_001890,ENST00000246891,17,4,185,0.00127,0.61145,0.67027
NM_001657,ENST00000395748,11,4,252,0.00144,0.70996,0.65774
NM_001145794,ENST00000307333,22,5,489,0.00046,0.49721,0.3407
NM_197965,ENST00000273905,14,1,377,0.00019,0.57257,0.49867
NM_001077208,ENST00000508502,97,22,1205,0.00019,0.54033,0.5427
NM_001248011,ENST00000440591,10,2,284,0.0007,0.47852,0.65493
NM_000667,ENST00000209668,7,1,375,0.00038,0.48838,0.39467
NM_001159694,ENST00000511970,10,5,248,0.00202,0.59839,0.55726
NM_001130692,ENST00000323055,18,6,469,0.00071,0.57249,0.42715
NM_001184693,ENST00000506666,29,6,566,0.00037,0.38784,0.50383
NR_045756,ENST00000494183,29,9,496,0.00063,0.48776,0.44131
NM_198721,ENST00000399132,36,12,654,0.00051,0.45315,0.4266
NM_001256074,ENST00000399127,33,11,645,0.00052,0.42744,0.40437
NM_032518,ENST00000399126,34,12,642,0.00055,0.42927,0.43458
NM_172115,ENST00000379773,21,5,478,0.0005,0.49034,0.51381
NM_001190799,ENST00000513090,43,12,938,0.0003,0.55068,0.71615
NM_012118,ENST00000280614,25,4,431,0.00037,0.51091,0.64211
NM_002099,ENST00000641688,4,2,150,0.00333,0.645,0.41
NM_001128923,ENST00000409598,36,7,767,0.00025,0.48428,0.50121
NM_001128923,ENST00000709914,36,7,767,0.00025,0.48428,0.50121
NM_001204760,ENST00000513213,19,3,392,0.0004,0.51557,0.70153
NM_024337,ENST00000302006,20,2,480,0.00021,0.51094,0.86458
NM_030955,ENST00000630537,9,2,163,0.00136,0.39468,0.53374
NM_030955,ENST00000504830,81,7,1594,5e-05,0.5275,0.41441
NM_001465,ENST00000512982,35,12,829,0.00041,0.50732,0.54885
NM_001093726,ENST00000514985,5,0,58,0.0,0.57241,
NM_001170402,ENST00000381375,28,4,519,0.00028,0.4722,0.54191
NM_000163,ENST00000230882,35,8,638,0.00036,0.53798,0.63382
NM_001242399,ENST00000620156,35,8,645,0.00035,0.54299,0.63779
NM_033228,ENST00000274327,37,7,546,0.00035,0.50208,0.60884
NM_001197218,ENST00000507116,47,7,745,0.0002,0.5069,0.56472
NM_024941,ENST00000399438,20,6,417,0.00072,0.50983,0.60152
NM_022968,ENST00000317633,9,0,62,0.0,0.46416,
NM_022968,ENST00000627372,9,0,62,0.0,0.46416,
NM_022968,ENST00000611616,9,0,62,0.0,0.46416,
NM_001164098,ENST00000342785,58,17,1642,0.00018,0.51537,0.45877
NM_199243,ENST00000380007,16,2,434,0.00029,0.57316,0.53802
NM_001177875,ENST00000508626,35,7,706,0.00028,0.50271,0.42412
NM_173800,ENST00000357872,34,8,990,0.00024,0.55395,0.7548
NR_046207,ENST00000262461,40,9,1212,0.00019,0.5999,0.73927
NM_022809,ENST00000415130,21,1,400,0.00012,0.66262,0.89
NM_001945,ENST00000230990,3,1,208,0.0016,0.30769,0.38462
NM_001142603,ENST00000432126,34,3,515,0.00017,0.47607,0.4822
NM_001127698,ENST00000359874,55,8,1094,0.00013,0.49156,0.43236
NM_000024,ENST00000305988,19,2,413,0.00025,0.55422,0.9322
NM_001195290,ENST00000621437,4,1,80,0.00312,0.41875,0.325
NM_031883,ENST00000615316,41,6,884,0.00017,0.50963,0.63726
NM_031883,ENST00000708329,41,6,884,0.00017,0.50963,0.63726
NM_001252391,ENST00000315050,53,6,636,0.00018,0.5596,0.61688
NM_018924,ENST00000576222,47,7,929,0.00016,0.53191,0.57881
NM_018913,ENST00000398610,46,5,936,0.00012,0.54264,0.44872
NM_001114183,ENST00000340592,45,3,906,7e-05,0.38403,0.51619
NM_021599,ENST00000274609,22,2,566,0.00016,0.57686,0.45142
NM_152547,ENST00000327705,29,4,535,0.00026,0.38576,0.5
NM_002406,ENST00000307826,27,0,445,0.0,0.5176,
NM_001114619,ENST00000427865,27,0,445,0.0,0.5176,
NM_002460,ENST00000380956,30,3,451,0.00022,0.54316,0.87953
NM_015482,ENST00000406686,20,1,686,7e-05,0.51603,0.56414
NM_001135750,ENST00000473000,4,1,104,0.0024,0.68029,0.83654
NM_004824,ENST00000397588,25,4,544,0.00029,0.54074,0.36535
NM_006403,ENST00000379446,68,10,834,0.00018,0.49884,0.48669
NM_182966,ENST00000379433,22,4,174,0.00104,0.60475,0.69396
NM_001718,ENST00000283147,42,5,513,0.00023,0.41288,0.57076
NM_001242628,ENST00000612338,17,1,287,0.0002,0.53474,0.38328
NM_018988,ENST00000379287,20,2,390,0.00026,0.58115,0.3718
NM_139003,ENST00000336625,16,0,242,0.0,0.422,
NM_004557,ENST00000375023,109,6,2003,3e-05,0.46778,0.47187
NM_004557,ENST00000457094,109,6,2003,3e-05,0.46778,0.47187
NM_004557,ENST00000437843,110,6,2005,3e-05,0.46458,0.4724
NM_004557,ENST00000439349,110,6,2003,3e-05,0.46405,0.47187
NM_004557,ENST00000454571,110,7,2002,3e-05,0.46379,0.50171
NM_004557,ENST00000425600,49,4,1048,8e-05,0.52132,0.39671
NM_004557,ENST00000383264,109,6,2003,3e-05,0.46778,0.47187
NM_001145776,ENST00000539068,13,1,457,0.00017,0.63188,0.46608
NM_001242590,ENST00000334475,9,0,150,0.0,0.49333,
NM_001242589,ENST00000591620,12,0,225,0.0,0.44074,
NM_001201427,ENST00000274867,60,6,1068,9e-05,0.50674,0.37204
NM_015345,ENST00000538976,60,6,1067,9e-05,0.50704,0.37238
NM_005943,ENST00000373188,19,0,385,0.0,0.5445,
NM_001075098,ENST00000373188,19,0,385,0.0,0.5445,
NM_001204385,ENST00000519767,1,0,54,0.0,0.83333,
NM_001171623,ENST00000523873,16,3,232,0.00081,0.51078,0.65661
NM_207410,ENST00000340465,21,4,394,0.00048,0.50338,0.5533
NM_001242828,ENST00000370918,18,1,326,0.00017,0.51091,0.17178
NM_001159587,ENST00000437994,67,17,1428,0.00018,0.50199,0.47322
NM_004370,ENST00000322507,122,22,3063,6e-05,0.53779,0.4741
NM_031469,ENST00000369838,7,1,107,0.00134,0.43925,0.41121
NM_001159677,ENST00000355238,30,9,562,0.00053,0.56512,0.5516
NM_016083,ENST00000369501,15,2,472,0.00028,0.4185,0.39407
NM_001160226,ENST00000551417,15,2,472,0.00028,0.4185,0.39407
NM_001160258,ENST00000551417,15,2,472,0.00028,0.4185,0.39407
NM_005068,ENST00000369208,37,5,766,0.00018,0.56083,0.69687
NM_002912,ENST00000358835,184,60,3130,0.0001,0.52619,0.50056
NM_001164283,ENST00000368735,7,2,109,0.00262,0.41416,0.24771
NM_001164281,ENST00000359831,43,5,564,0.00021,0.48041,0.67624
NM_001002030,ENST00000454859,13,4,301,0.00102,0.49553,0.65615
NM_001244438,ENST00000356962,8,3,330,0.00114,0.2769,0.21212
NM_000045,ENST00000368087,7,3,322,0.00133,0.29015,0.20911
NM_015979,ENST00000354577,76,17,1365,0.00016,0.48828,0.47472
NM_001135555,ENST00000392427,43,11,673,0.00038,0.43339,0.42591
NM_001242350,ENST00000525289,11,1,299,0.0003,0.32867,0.40468
NR_034174,ENST00000532053,11,2,192,0.00095,0.45928,0.78906
NM_004665,ENST00000326499,17,3,520,0.00034,0.37851,0.53013
NM_001161659,ENST00000534044,39,9,603,0.00038,0.46975,0.44131
NM_001161656,ENST00000528774,48,10,758,0.00027,0.46666,0.40317
NM_014320,ENST00000607197,12,2,205,0.00081,0.4496,0.65122
NM_003980,ENST00000354570,44,7,749,0.00021,0.53784,0.48236
NM_003764,ENST00000367568,22,1,287,0.00016,0.49557,0.8676
NM_001100164,ENST00000440869,33,8,645,0.00038,0.57101,0.65039
NM_001080956,ENST00000417959,24,2,411,0.0002,0.5364,0.45377
NM_001080952,ENST00000649307,26,2,463,0.00017,0.5466,0.51512
NM_130900,ENST00000367341,11,2,246,0.00074,0.43792,0.47561
NM_024518,ENST00000367339,11,2,244,0.00075,0.37668,0.28278
NM_001029884,ENST00000696526,81,12,1385,0.00011,0.52005,0.47365
NM_016224,ENST00000392185,33,6,595,0.00031,0.53787,0.6437
NM_000876,ENST00000356956,98,9,2491,4e-05,0.47732,0.54137
NM_005355,ENST00000643607,25,5,384,0.00052,0.61823,0.52865
NM_030615,ENST00000643607,25,5,384,0.00052,0.61823,0.52865
NM_024919,ENST00000283309,34,5,549,0.00027,0.51414,0.57341
NM_005618,ENST00000616526,24,0,723,0.0,0.52063,
NM_005618,ENST00000366756,24,0,723,0.0,0.52063,
NM_001134395,ENST00000357429,14,2,194,0.00074,0.6609,0.48969
NM_198952,ENST00000397048,15,0,179,0.0,0.46704,
NM_001204513,ENST00000396904,7,0,113,0.0,0.38938,
NM_001163148,ENST00000242066,30,6,459,0.00044,0.44415,0.36129
NM_001163942,ENST00000443026,8,1,131,0.00095,0.5124,0.64885
NM_178559,ENST00000258738,49,13,812,0.00033,0.56009,0.62884
NM_012294,ENST00000665637,55,5,883,0.0001,0.51374,0.54949
NM_001127364,ENST00000409192,15,3,262,0.00076,0.54809,0.40076
NM_001197027,ENST00000622102,20,3,459,0.00033,0.46024,0.14016
NM_004904,ENST00000396300,49,11,501,0.00045,0.56642,0.65378
NM_001011666,ENST00000396298,39,11,369,0.00076,0.5443,0.52994
NM_001199815,ENST00000409390,11,0,166,0.0,0.56791,
NM_001145123,ENST00000409146,4,1,104,0.0024,0.26683,0.56731
NM_001199635,ENST00000396211,20,2,496,0.0002,0.62732,0.8004
NM_001635,ENST00000356264,43,8,695,0.00027,0.43617,0.46079
NM_012412,ENST00000308153,5,3,128,0.00469,0.59531,0.44271
NM_001001549,ENST00000357271,50,6,548,0.00022,0.46668,0.40602
NM_173517,ENST00000360768,7,1,176,0.00081,0.74675,0.55114
NM_001127231,ENST00000406775,63,11,1235,0.00014,0.36972,0.36305
NM_001081753,ENST00000429192,7,0,692,0.0,0.56028,
NM_001081754,ENST00000357036,8,0,711,0.0,0.5705,
NM_012431,ENST00000643230,31,7,775,0.00029,0.65607,0.71263
NM_152999,ENST00000287908,22,5,490,0.00046,0.53887,0.48816
NM_000072,ENST00000394788,19,3,472,0.00033,0.38091,0.36511
NM_001127444,ENST00000432207,19,3,472,0.00033,0.38091,0.36511
NM_001145306,ENST00000424848,17,2,326,0.00036,0.4825,0.46779
NM_001040057,ENST00000438306,8,3,237,0.00158,0.36392,0.30661
NM_001099401,ENST00000445866,30,3,462,0.00022,0.65267,0.51371
NM_014343,ENST00000308344,4,0,228,0.0,0.56469,
NM_032831,ENST00000403646,8,1,254,0.00049,0.57333,0.17717
NM_018970,ENST00000297146,10,1,370,0.00027,0.55,0.53514
NM_000230,ENST00000308868,12,2,167,0.001,0.48453,0.41018
NM_001114726,ENST00000489835,18,0,429,0.0,0.6409,
NM_001142576,ENST00000419067,30,2,566,0.00012,0.53804,0.447
NM_138693,ENST00000583337,8,0,323,0.0,0.54025,
NM_001145354,ENST00000352689,38,9,735,0.00032,0.49442,0.4198
NM_001105543,ENST00000423507,14,1,492,0.00015,0.46951,0.95325
NM_001253901,ENST00000416162,14,2,292,0.00049,0.50098,0.82534
NM_002402,ENST00000223215,15,2,335,0.0004,0.45353,0.84776
NM_001199672,ENST00000542996,15,3,323,0.00062,0.4324,0.38287
NM_030984,ENST00000411653,18,0,459,0.0,0.55241,
NM_000603,ENST00000297494,79,6,1203,6e-05,0.51922,0.34428
NM_001160109,ENST00000467517,36,4,614,0.00018,0.42318,0.40513
NM_001925,ENST00000642522,7,0,97,0.0,0.39323,
NM_001925,ENST00000297435,7,0,97,0.0,0.39323,
NM_004084,ENST00000382692,5,0,94,0.0,0.36808,
NM_004084,ENST00000644528,5,0,94,0.0,0.36808,
NM_005217,ENST00000327857,5,0,94,0.0,0.36808,
NM_005217,ENST00000642311,5,0,94,0.0,0.36808,
NM_002445,ENST00000381998,25,6,358,0.00067,0.49799,0.57774
NM_182643,ENST00000276297,85,17,1528,0.00013,0.51538,0.45138
NM_001160172,ENST00000518029,17,1,290,0.0002,0.46511,0.57586
NM_001145271,ENST00000522298,14,4,391,0.00073,0.42601,0.23338
NM_001256482,ENST00000380476,21,2,502,0.00019,0.55635,0.81474
NM_004095,ENST00000338825,4,1,118,0.00212,0.51059,0.94915
NM_023105,ENST00000356207,23,3,733,0.00018,0.61166,0.46294
NR_027878,ENST00000379917,30,7,655,0.00036,0.55394,0.35572
NM_001146216,ENST00000520615,29,5,610,0.00028,0.66574,0.58951
NM_006283,ENST00000317827,39,8,805,0.00025,0.58245,0.47966
NM_184087,ENST00000350034,17,2,241,0.00049,0.49134,0.78424
NM_001033578,ENST00000521198,19,7,496,0.00074,0.43304,0.43289
NM_001001481,ENST00000651945,12,1,162,0.00051,0.393,0.11728
NM_001199886,ENST00000520269,5,3,133,0.00451,0.58195,0.63409
NM_004318,ENST00000379454,40,14,758,0.00046,0.52451,0.47022
NM_032466,ENST00000356457,17,8,313,0.0015,0.63278,0.70088
NM_001128831,ENST00000523022,11,2,261,0.0007,0.57297,0.45977
NM_001128830,ENST00000523022,11,2,261,0.0007,0.57297,0.45977
NM_001198629,ENST00000523629,37,4,604,0.00018,0.52908,0.44826
NM_001198679,ENST00000436581,38,4,663,0.00016,0.55648,0.49736
NM_016096,ENST00000311212,12,4,76,0.00439,0.33114,0.30921
NM_001040624,ENST00000311028,9,1,193,0.00058,0.55498,0.01554
NM_005328,ENST00000303924,25,4,552,0.00029,0.47225,0.81658
NM_006209,ENST00000259486,29,4,915,0.00015,0.47138,0.52213
NM_001045556,ENST00000338087,10,1,276,0.00036,0.55869,0.6413
NM_001029939,ENST00000520727,69,9,1231,0.00011,0.57265,0.51972
NM_001160354,ENST00000522591,5,1,85,0.00235,0.39059,0.28235
NM_178172,ENST00000622500,11,1,184,0.00049,0.50939,0.11957
NM_001253815,ENST00000710466,12,1,445,0.00019,0.46985,0.24045
NM_001253815,ENST00000675121,12,1,445,0.00019,0.46985,0.24045
NM_024531,ENST00000329994,12,1,445,0.00019,0.46985,0.24045
NM_024531,ENST00000710459,12,1,445,0.00019,0.46985,0.24045
NM_201384,ENST00000345136,408,30,4547,2e-05,0.43948,0.39688
NM_006557,ENST00000382255,14,1,226,0.00032,0.57427,0.80973
NM_181872,ENST00000358146,33,3,561,0.00016,0.52044,0.62091
NM_203447,ENST00000432829,111,16,2099,7e-05,0.49785,0.48672
NM_001040712,ENST00000397611,80,19,1502,0.00016,0.54048,0.55989
NM_130391,ENST00000486161,80,19,1505,0.00016,0.54117,0.56055
NM_130392,ENST00000355233,80,19,1506,0.00016,0.54113,0.56053
NR_038064,ENST00000276914,34,4,437,0.00027,0.62101,0.44566
NM_001010887,ENST00000340967,6,0,275,0.0,0.36121,
NM_001256054,ENST00000619707,20,5,481,0.00052,0.57942,0.41414
NM_001170,ENST00000297988,9,2,342,0.00065,0.31482,0.56725
NM_002771,ENST00000379405,8,2,247,0.00101,0.51974,0.53239
NM_006664,ENST00000259631,9,1,112,0.00099,0.56746,0.76786
NM_147164,ENST00000378980,12,1,372,0.00022,0.4767,0.07258
NR_033243,ENST00000297661,20,6,502,0.0006,0.59751,0.47842
NM_001184941,ENST00000651358,13,0,185,0.0,0.51268,
NM_001042589,ENST00000377991,17,1,472,0.00012,0.49277,0.66949
NM_001490,ENST00000376730,14,3,428,0.0005,0.50901,0.5257
NM_001102421,ENST00000376960,13,1,213,0.00036,0.41965,0.30986
NM_001135052,ENST00000375751,31,2,612,0.00011,0.44613,0.43954
NM_197978,ENST00000616898,42,7,484,0.00034,0.44618,0.24055
NM_000607,ENST00000259396,13,2,201,0.00077,0.48948,0.699
NM_147150,ENST00000302798,81,14,1090,0.00016,0.50113,0.49823
NM_001004065,ENST00000374525,64,11,948,0.00018,0.56151,0.56511
NM_014368,ENST00000394319,27,4,392,0.00038,0.56047,0.6486
NM_001123355,ENST00000451402,13,3,342,0.00067,0.50787,0.39376
NM_170600,ENST00000314830,34,4,860,0.00014,0.51874,0.21744
NM_013355,ENST00000291906,63,6,889,0.00011,0.45346,0.39858
NM_001185096,ENST00000372300,3,0,102,0.0,0.21569,
NM_001185095,ENST00000372309,8,1,176,0.00071,0.28622,0.22727
NM_198679,ENST00000372190,64,7,1095,0.0001,0.46286,0.32107
NM_002003,ENST00000371806,12,0,326,0.0,0.47162,
NM_001012727,ENST00000371694,10,0,246,0.0,0.58496,
NM_016215,ENST00000308874,17,0,273,0.0,0.57768,
NM_001012288,ENST00000381567,14,2,259,0.00055,0.57253,0.51738
NM_001012288,ENST00000711256,14,2,259,0.00055,0.57253,0.51738
NR_028057,ENST00000711184,12,1,323,0.00026,0.5694,0.60681
NR_028057,ENST00000399012,12,1,323,0.00026,0.5694,0.60681
NM_000451,ENST00000686671,17,3,292,0.0006,0.53163,0.57078
NM_000451,ENST00000711142,17,3,292,0.0006,0.53163,0.57078
NM_006883,ENST00000334060,14,3,225,0.00095,0.63397,0.74074
NM_006883,ENST00000711143,14,3,225,0.00095,0.63397,0.74074
NM_001161531,ENST00000381509,20,5,410,0.00061,0.48,0.59756
NM_001161531,ENST00000711220,20,5,410,0.00061,0.48,0.59756
NM_172246,ENST00000711223,18,3,377,0.00044,0.46802,0.45358
NM_172246,ENST00000355432,18,3,377,0.00044,0.46802,0.45358
NM_001161530,ENST00000711138,23,5,434,0.0005,0.49549,0.59585
NM_001161530,ENST00000498153,23,5,434,0.0005,0.49549,0.59585
NM_001171136,ENST00000652001,36,0,694,0.0,0.50424,
NM_001171136,ENST00000711171,36,0,694,0.0,0.50424,
NM_175569,ENST00000381174,5,1,180,0.00111,0.26889,0.3
NM_001141919,ENST00000644266,5,1,195,0.00103,0.24821,0.27692
NM_000351,ENST00000217961,22,3,578,0.00024,0.59909,0.70415
NM_138636,ENST00000218032,45,6,1041,0.00013,0.46003,0.33269
NM_001184704,ENST00000381157,1,0,10,0.0,0.8,
NM_001079855,ENST00000398806,25,2,470,0.00017,0.55115,0.40426
NM_001184702,ENST00000398806,25,2,470,0.00017,0.55115,0.40426
NM_003918,ENST00000381163,27,2,501,0.00015,0.53877,0.44112
NM_003662,ENST00000380420,12,3,290,0.00086,0.53994,0.61034
NM_001172739,ENST00000545871,31,2,530,0.00012,0.41668,0.69245
NM_001079860,ENST00000360279,46,5,995,0.00011,0.4993,0.68864
NM_001184833,ENST00000379878,46,5,1001,0.00011,0.50217,0.69051
NM_001184834,ENST00000379873,43,4,966,0.0001,0.50366,0.66097
NM_005756,ENST00000357991,46,5,1014,0.00011,0.50828,0.69448
NM_001178095,ENST00000304543,31,6,805,0.00024,0.53336,0.35342
NM_000328,ENST00000642395,32,8,815,0.00031,0.53244,0.54371
NM_001170752,ENST00000538295,16,0,379,0.0,0.62203,
NM_001123385,ENST00000378444,71,10,1755,8e-05,0.5909,0.51596
NM_001356,ENST00000644876,24,7,662,0.00044,0.47766,0.62192
NM_176819,ENST00000398000,23,1,433,0.0001,0.59715,0.51501
NM_001256789,ENST00000323022,84,6,1966,4e-05,0.54559,0.62648
NR_027121,ENST00000376020,106,19,1493,0.00012,0.53783,0.54676
NM_133179,ENST00000346279,12,2,111,0.0015,0.58709,0.92792
NM_001184819,ENST00000360845,30,4,582,0.00023,0.43499,0.49785
NM_001242494,ENST00000623782,22,2,213,0.00043,0.59624,0.51643
NM_004429,ENST00000204961,13,2,346,0.00044,0.51845,0.67341
NM_007268,ENST00000374737,25,4,399,0.0004,0.46707,0.57268
NM_022144,ENST00000373031,12,5,317,0.00131,0.65983,0.64353
NM_014467,ENST00000373004,35,6,465,0.00037,0.59238,0.64086
NM_020766,ENST00000420881,44,1,1100,2e-05,0.44948,0.12
NM_001171184,ENST00000541709,68,11,879,0.00018,0.47741,0.44131
NM_001174068,ENST00000276141,32,6,671,0.00028,0.47606,0.41406
NM_001168302,ENST00000540167,27,5,639,0.00029,0.4507,0.30892
NM_001042751,ENST00000371144,73,20,1231,0.00022,0.48689,0.49951
NM_018388,ENST00000370853,23,3,354,0.00037,0.49239,0.64124
NM_001170704,ENST00000370844,17,2,258,0.00046,0.45714,0.77326
NM_001170784,ENST00000623326,5,3,79,0.00759,0.54684,0.48101
NM_153834,ENST00000394143,88,26,3080,0.0001,0.52127,0.50526
NM_004840,ENST00000250617,49,11,776,0.00029,0.52777,0.50094
NM_002025,ENST00000370460,60,9,1311,0.00011,0.35744,0.34647
NM_001011548,ENST00000276344,15,1,317,0.00021,0.33186,0.08833
NM_007150,ENST00000370268,34,4,689,0.00017,0.5114,0.45029
NM_007150,ENST00000710013,34,4,689,0.00017,0.5114,0.45029
NM_001178113,ENST00000710017,25,4,468,0.00034,0.48325,0.26816
NM_001178113,ENST00000318529,25,4,468,0.00034,0.48325,0.26816
NM_001139457,ENST00000458587,14,0,313,0.0,0.61684,
NM_005745,ENST00000672675,13,0,246,0.0,0.56254,
NM_003639,ENST00000611071,56,3,419,0.00013,0.49058,0.46539
NM_001242640,ENST00000340647,23,6,292,0.00089,0.61212,0.80023
NM_001256580,ENST00000369817,9,0,214,0.0,0.48442,
NM_172245,ENST00000381529,19,5,400,0.00066,0.46816,0.6125
NM_172245,ENST00000711129,19,5,400,0.00066,0.46816,0.6125
NM_006140,ENST00000381529,19,5,400,0.00066,0.46816,0.6125
NM_006140,ENST00000711129,19,5,400,0.00066,0.46816,0.6125
