ENST_ID,Total substrate,Effective substrate,Peptide length,Effective substrate density,Mean position of Substrate,Mean position of Effective substrate,Tissue
ENST00000520296,6,1,65,0.00256,0.5718,0.23077,v39_breast
ENST00000620829,24,0,502,0.0,0.58972,,v39_breast
ENST00000307786,9,1,181,0.00061,0.37446,0.0221,v39_breast
ENST00000288774,18,2,346,0.00032,0.49534,0.55925,v39_breast
ENST00000333172,39,0,841,0.0,0.44544,,v39_breast
ENST00000356876,24,0,417,0.0,0.56785,,v39_breast
ENST00000470413,10,3,77,0.0039,0.42987,0.50216,v39_breast
ENST00000359318,16,3,407,0.00046,0.52165,0.54873,v39_breast
ENST00000376030,54,4,775,0.0001,0.42167,0.53516,v39_breast
ENST00000400797,26,3,327,0.00035,0.43707,0.62895,v39_breast
ENST00000375534,17,4,182,0.00129,0.38849,0.46978,v39_breast
ENST00000375341,24,1,563,7e-05,0.53241,0.26643,v39_breast
ENST00000375153,11,0,291,0.0,0.45798,,v39_breast
ENST00000618761,9,2,181,0.00123,0.53837,0.37016,v39_breast
ENST00000360009,28,3,334,0.00032,0.65654,0.32635,v39_breast
ENST00000236342,27,3,333,0.00033,0.6531,0.32733,v39_breast
ENST00000539896,14,0,342,0.0,0.55806,,v39_breast
ENST00000465518,15,0,218,0.0,0.63639,,v39_breast
ENST00000263702,25,1,373,0.00011,0.61844,0.29491,v39_breast
ENST00000373791,23,1,297,0.00015,0.58469,0.11448,v39_breast
ENST00000354267,16,1,223,0.00028,0.54596,0.83857,v39_breast
ENST00000446189,14,2,147,0.00097,0.57532,0.68708,v39_breast
ENST00000494695,2,0,56,0.0,0.55358,,v39_breast
ENST00000372517,17,1,475,0.00012,0.4218,0.69895,v39_breast
ENST00000413844,12,1,252,0.00033,0.55622,0.65079,v39_breast
ENST00000396148,9,2,168,0.00132,0.45437,0.35416,v39_breast
ENST00000371761,9,2,168,0.00132,0.45437,0.35416,v39_breast
ENST00000313334,8,1,158,0.00079,0.37816,0.74684,v39_breast
ENST00000430330,7,2,140,0.00204,0.67653,0.60715,v39_breast
ENST00000371083,22,1,580,8e-05,0.56724,0.18448,v39_breast
ENST00000370894,13,2,169,0.00091,0.47246,0.30473,v39_breast
ENST00000628037,13,0,365,0.0,0.70158,,v39_breast
ENST00000460330,14,0,374,0.0,0.70588,,v39_breast
ENST00000479353,15,0,393,0.0,0.69415,,v39_breast
ENST00000370931,14,0,390,0.0,0.67857,,v39_breast
ENST00000306666,14,0,390,0.0,0.67857,,v39_breast
ENST00000370924,16,2,388,0.00032,0.7181,0.97294,v39_breast
ENST00000529992,15,4,396,0.00067,0.54125,0.88321,v39_breast
ENST00000310611,2,0,133,0.0,0.48872,,v39_breast
ENST00000520113,31,2,747,9e-05,0.47882,0.85208,v39_breast
ENST00000207157,34,2,496,0.00012,0.54762,0.57964,v39_breast
ENST00000539893,7,1,187,0.00076,0.4026,0.83422,v39_breast
ENST00000328189,6,1,166,0.001,0.39257,0.81325,v39_breast
ENST00000369458,10,2,282,0.00071,0.48156,0.56737,v39_breast
ENST00000369458,10,2,282,0.00071,0.48156,0.56737,v39_breast
ENST00000369458,10,2,282,0.00071,0.48156,0.56737,v39_breast
ENST00000369041,66,2,877,3e-05,0.46643,0.27651,v39_breast
ENST00000360244,5,1,247,0.00081,0.59838,0.33198,v39_breast
ENST00000368912,40,1,922,3e-05,0.42522,0.282,v39_breast
ENST00000440685,4,0,98,0.0,0.45408,,v39_breast
ENST00000476133,4,0,98,0.0,0.45408,,v39_breast
ENST00000368603,24,4,395,0.00042,0.54747,0.37912,v39_breast
ENST00000368439,3,0,63,0.0,0.5291,,v39_breast
ENST00000368406,11,1,183,0.0005,0.53701,0.75956,v39_breast
ENST00000611010,17,3,248,0.00071,0.48885,0.55108,v39_breast
ENST00000368276,18,1,220,0.00025,0.58889,0.33182,v39_breast
ENST00000368222,5,1,138,0.00145,0.52609,0.32609,v39_breast
ENST00000454449,17,3,361,0.00049,0.42659,0.51708,v39_breast
ENST00000289429,18,2,327,0.00034,0.54043,0.23548,v39_breast
ENST00000368170,23,2,333,0.00026,0.44536,0.53604,v39_breast
ENST00000326786,8,2,143,0.00175,0.40385,0.76574,v39_breast
ENST00000444681,18,3,289,0.00058,0.50096,0.61707,v39_breast
ENST00000368161,24,3,290,0.00043,0.46236,0.28851,v39_breast
ENST00000368092,12,0,198,0.0,0.48148,,v39_breast
ENST00000368093,14,0,289,0.0,0.39348,,v39_breast
ENST00000368072,21,3,299,0.00048,0.5743,0.7514,v39_breast
ENST00000368012,28,2,510,0.00014,0.50987,0.91667,v39_breast
ENST00000368054,17,4,328,0.00072,0.51148,0.62195,v39_breast
ENST00000426197,14,3,315,0.00068,0.53038,0.56402,v39_breast
ENST00000545294,13,2,345,0.00045,0.49298,0.51739,v39_breast
ENST00000354775,23,3,518,0.00025,0.47591,0.73552,v39_breast
ENST00000619224,16,2,340,0.00037,0.50662,0.55588,v39_breast
ENST00000527988,4,0,73,0.0,0.45548,,v39_breast
ENST00000361379,6,1,187,0.00089,0.46702,0.99465,v39_breast
ENST00000360212,8,1,355,0.00035,0.62394,0.66761,v39_breast
ENST00000613104,10,1,124,0.00081,0.62742,0.92742,v39_breast
ENST00000366910,16,1,337,0.00019,0.51205,0.51929,v39_breast
ENST00000361525,20,0,435,0.0,0.59264,,v39_breast
ENST00000272167,14,2,455,0.00031,0.61382,0.7077,v39_breast
ENST00000470540,22,1,289,0.00016,0.49654,0.93426,v39_breast
ENST00000366618,14,0,490,0.0,0.39461,,v39_breast
ENST00000339986,20,2,515,0.00019,0.49097,0.68544,v39_breast
ENST00000336119,52,4,1034,7e-05,0.52903,0.61871,v39_breast
ENST00000380872,18,2,323,0.00034,0.58325,0.83436,v39_breast
ENST00000263126,19,2,323,0.00033,0.55825,0.52786,v39_breast
ENST00000315238,5,1,149,0.00134,0.39329,0.90604,v39_breast
ENST00000542957,8,1,237,0.00053,0.3001,0.13924,v39_breast
ENST00000380753,17,1,323,0.00018,0.58641,0.86068,v39_breast
ENST00000380753,17,1,323,0.00018,0.58641,0.86068,v39_breast
ENST00000455190,6,0,139,0.0,0.5036,,v39_breast
ENST00000439082,18,1,323,0.00017,0.57379,0.86068,v39_breast
ENST00000379328,14,1,444,0.00016,0.41248,0.66667,v39_breast
ENST00000346208,14,1,443,0.00016,0.41245,0.66591,v39_breast
ENST00000379775,22,2,520,0.00017,0.48444,0.59904,v39_breast
ENST00000397146,49,4,942,9e-05,0.47758,0.39596,v39_breast
ENST00000397145,37,4,702,0.00015,0.46135,0.51317,v39_breast
ENST00000536334,17,2,393,0.0003,0.35115,0.16794,v39_breast
ENST00000376170,24,2,451,0.00018,0.42369,0.14634,v39_breast
ENST00000376140,27,3,481,0.00023,0.43898,0.33195,v39_breast
ENST00000374822,24,4,644,0.00026,0.56942,0.59588,v39_breast
ENST00000316629,8,1,240,0.00052,0.54375,0.7375,v39_breast
ENST00000242480,15,1,476,0.00014,0.46779,0.88655,v39_breast
ENST00000637191,15,1,476,0.00014,0.46779,0.88655,v39_breast
ENST00000609923,13,1,332,0.00023,0.53753,0.19277,v39_breast
ENST00000307864,22,0,373,0.0,0.44504,,v39_breast
ENST00000307864,22,0,373,0.0,0.44504,,v39_breast
ENST00000373241,6,1,198,0.00084,0.57155,0.78283,v39_breast
ENST00000398788,42,4,1114,9e-05,0.52849,0.58169,v39_breast
ENST00000359322,17,3,299,0.00059,0.50049,0.27536,v39_breast
ENST00000372734,16,2,345,0.00036,0.52717,0.47246,v39_breast
ENST00000372263,3,0,97,0.0,0.37114,,v39_breast
ENST00000606162,10,2,229,0.00087,0.5572,0.79476,v39_breast
ENST00000484444,4,0,103,0.0,0.55097,,v39_breast
ENST00000371464,11,0,201,0.0,0.53822,,v39_breast
ENST00000371481,13,1,361,0.00021,0.51545,0.63989,v39_breast
ENST00000307450,6,0,146,0.0,0.64041,,v39_breast
ENST00000370575,30,1,581,6e-05,0.46603,0.60757,v39_breast
ENST00000543964,26,2,402,0.00019,0.43685,0.40548,v39_breast
ENST00000370549,27,1,534,7e-05,0.54501,0.29963,v39_breast
ENST00000370546,26,1,548,7e-05,0.57903,0.29197,v39_breast
ENST00000370355,7,0,359,0.0,0.4218,,v39_breast
ENST00000347978,16,1,215,0.00029,0.45901,0.15349,v39_breast
ENST00000320185,19,2,244,0.00043,0.45988,0.23156,v39_breast
ENST00000370005,11,0,270,0.0,0.54781,,v39_breast
ENST00000348850,14,0,225,0.0,0.36318,,v39_breast
ENST00000343195,13,0,220,0.0,0.37762,,v39_breast
ENST00000356640,16,0,270,0.0,0.39375,,v39_breast
ENST00000461105,16,0,285,0.0,0.40592,,v39_breast
ENST00000447005,7,2,70,0.00408,0.72653,0.77143,v39_breast
ENST00000369315,17,0,303,0.0,0.50728,,v39_breast
ENST00000369023,20,2,385,0.00026,0.61364,0.76234,v39_breast
ENST00000368679,47,3,909,7e-05,0.57145,0.67584,v39_breast
ENST00000368676,35,1,738,4e-05,0.55238,0.09756,v39_breast
ENST00000368547,12,1,290,0.00029,0.53621,0.55517,v39_breast
ENST00000451590,12,0,189,0.0,0.49074,,v39_breast
ENST00000610977,12,0,189,0.0,0.49074,,v39_breast
ENST00000322028,1,0,67,0.0,0.37313,,v39_breast
ENST00000336615,18,0,504,0.0,0.62257,,v39_breast
ENST00000381968,26,0,401,0.0,0.54191,,v39_breast
ENST00000672195,26,0,401,0.0,0.54191,,v39_breast
ENST00000322008,13,2,253,0.00061,0.65217,0.6581,v39_breast
ENST00000381911,9,1,182,0.00061,0.4188,0.36264,v39_breast
ENST00000673526,9,1,182,0.00061,0.4188,0.36264,v39_breast
ENST00000672632,9,1,182,0.00061,0.4188,0.36264,v39_breast
ENST00000381906,9,1,182,0.00061,0.4188,0.36264,v39_breast
ENST00000381905,10,1,182,0.00055,0.37802,0.36264,v39_breast
ENST00000672155,10,1,182,0.00055,0.37802,0.36264,v39_breast
ENST00000672629,15,1,256,0.00026,0.46068,0.02734,v39_breast
ENST00000381589,15,1,256,0.00026,0.46068,0.02734,v39_breast
ENST00000336906,4,0,147,0.0,0.65306,,v39_breast
ENST00000330597,4,0,147,0.0,0.65306,,v39_breast
ENST00000506134,21,3,313,0.00046,0.30838,0.4345,v39_breast
ENST00000450649,47,2,807,5e-05,0.58929,0.48451,v39_breast
ENST00000520467,51,3,971,6e-05,0.56667,0.42705,v39_breast
ENST00000529419,38,3,507,0.00016,0.53426,0.42472,v39_breast
ENST00000396275,9,0,322,0.0,0.80021,,v39_breast
ENST00000524555,5,0,208,0.0,0.53077,,v39_breast
ENST00000414546,1,0,83,0.0,0.21687,,v39_breast
ENST00000256733,4,0,122,0.0,0.63729,,v39_breast
ENST00000356524,4,0,122,0.0,0.63729,,v39_breast
ENST00000672662,4,0,122,0.0,0.63729,,v39_breast
ENST00000672712,4,0,122,0.0,0.63729,,v39_breast
ENST00000405158,4,0,122,0.0,0.63729,,v39_breast
ENST00000672418,4,0,122,0.0,0.63729,,v39_breast
ENST00000532858,4,0,122,0.0,0.63729,,v39_breast
ENST00000443524,8,1,242,0.00052,0.43905,0.59504,v39_breast
ENST00000672078,10,2,241,0.00083,0.43154,0.5,v39_breast
ENST00000227157,10,2,241,0.00083,0.43154,0.5,v39_breast
ENST00000303459,20,4,273,0.00073,0.52894,0.48352,v39_breast
ENST00000429939,8,2,160,0.00156,0.57188,0.64062,v39_breast
ENST00000257832,14,4,255,0.00112,0.54258,0.59314,v39_breast
ENST00000531794,20,1,322,0.00016,0.48773,0.48137,v39_breast
ENST00000622144,36,2,737,8e-05,0.45036,0.6194,v39_breast
ENST00000652299,36,2,411,0.00014,0.41694,0.36375,v39_breast
ENST00000278386,12,4,139,0.0024,0.66786,0.73921,v39_breast
ENST00000318201,59,3,906,6e-05,0.57822,0.52024,v39_breast
ENST00000644402,15,1,183,0.00036,0.46047,0.8306,v39_breast
ENST00000538490,15,1,183,0.00036,0.46047,0.8306,v39_breast
ENST00000606794,8,1,380,0.00033,0.70724,0.95526,v39_breast
ENST00000257254,8,1,380,0.00033,0.70724,0.95526,v39_breast
ENST00000527972,20,2,494,0.0002,0.48745,0.65283,v39_breast
ENST00000533605,10,0,211,0.0,0.67535,,v39_breast
ENST00000287275,19,3,294,0.00054,0.48067,0.62018,v39_breast
ENST00000378149,17,1,388,0.00015,0.5846,0.16753,v39_breast
ENST00000325558,17,1,388,0.00015,0.5846,0.16753,v39_breast
ENST00000278829,23,3,445,0.00029,0.4129,0.3588,v39_breast
ENST00000244926,4,0,90,0.0,0.63333,,v39_breast
ENST00000257247,12,2,149,0.00112,0.50671,0.8255,v39_breast
ENST00000415826,7,1,162,0.00088,0.77072,0.98148,v39_breast
ENST00000415826,7,1,162,0.00088,0.77072,0.98148,v39_breast
ENST00000540857,14,1,269,0.00027,0.43468,0.26766,v39_breast
ENST00000301790,14,1,279,0.00026,0.44982,0.29391,v39_breast
ENST00000340246,19,1,315,0.00017,0.60084,0.4127,v39_breast
ENST00000394618,19,1,314,0.00017,0.5999,0.41083,v39_breast
ENST00000415491,18,1,275,0.0002,0.57798,0.32727,v39_breast
ENST00000426086,17,1,188,0.00031,0.50156,0.35106,v39_breast
ENST00000473690,14,1,332,0.00022,0.53765,0.99398,v39_breast
ENST00000377574,25,2,553,0.00014,0.47009,0.58318,v39_breast
ENST00000377432,31,3,754,0.00013,0.49191,0.56808,v39_breast
ENST00000279263,17,0,418,0.0,0.54517,,v39_breast
ENST00000398802,15,1,288,0.00023,0.50023,0.44097,v39_breast
ENST00000513398,65,3,901,5e-05,0.56998,0.41288,v39_breast
ENST00000393958,54,3,1178,5e-05,0.46465,0.45246,v39_breast
ENST00000393960,54,3,1178,5e-05,0.46465,0.45246,v39_breast
ENST00000265643,2,0,123,0.0,0.13414,,v39_breast
ENST00000308946,12,2,313,0.00053,0.42758,0.26518,v39_breast
ENST00000227507,13,2,295,0.00052,0.57575,0.41526,v39_breast
ENST00000298223,12,0,255,0.0,0.51046,,v39_breast
ENST00000336898,28,3,605,0.00018,0.48158,0.33168,v39_breast
ENST00000376262,14,1,345,0.00021,0.50807,0.23478,v39_breast
ENST00000228027,18,2,388,0.00029,0.4622,0.24742,v39_breast
ENST00000393427,7,1,122,0.00117,0.57728,0.5082,v39_breast
ENST00000612612,1,0,134,0.0,0.4403,,v39_breast
ENST00000281030,10,1,146,0.00068,0.52603,0.97945,v39_breast
ENST00000543262,28,0,604,0.0,0.48072,,v39_breast
ENST00000531380,14,1,537,0.00013,0.34717,0.27933,v39_breast
ENST00000305494,12,3,458,0.00055,0.59643,0.40684,v39_breast
ENST00000263317,24,3,578,0.00022,0.51838,0.50231,v39_breast
ENST00000260229,20,0,513,0.0,0.47836,,v39_breast
ENST00000393150,14,4,321,0.00089,0.53405,0.61916,v39_breast
ENST00000458137,6,1,168,0.00099,0.62004,0.4881,v39_breast
ENST00000526568,12,3,311,0.0008,0.50241,0.33869,v39_breast
ENST00000346454,12,0,414,0.0,0.56401,,v39_breast
ENST00000362072,12,0,443,0.0,0.56528,,v39_breast
ENST00000419197,11,2,132,0.00138,0.4573,0.95454,v39_breast
ENST00000524993,29,1,567,6e-05,0.44183,0.77425,v39_breast
ENST00000445823,24,3,457,0.00027,0.54021,0.7097,v39_breast
ENST00000525863,47,2,921,5e-05,0.53108,0.53529,v39_breast
ENST00000527410,20,2,419,0.00024,0.35788,0.13246,v39_breast
ENST00000341846,31,1,588,5e-05,0.56589,0.69048,v39_breast
ENST00000448775,22,3,373,0.00037,0.54862,0.47453,v39_breast
ENST00000408930,3,2,88,0.00758,0.53409,0.65909,v39_breast
ENST00000298251,17,2,416,0.00028,0.46168,0.5012,v39_breast
ENST00000533628,27,3,346,0.00032,0.46179,0.65607,v39_breast
ENST00000281437,24,4,279,0.0006,0.59185,0.62276,v39_breast
ENST00000602346,8,0,108,0.0,0.47685,,v39_breast
ENST00000531399,7,0,124,0.0,0.45507,,v39_breast
ENST00000441717,11,3,259,0.00105,0.36925,0.43887,v39_breast
ENST00000374791,13,1,344,0.00022,0.38708,0.68605,v39_breast
ENST00000425719,11,1,355,0.00026,0.4356,0.66479,v39_breast
ENST00000229332,12,0,237,0.0,0.63326,,v39_breast
ENST00000444971,7,1,122,0.00117,0.75878,0.86066,v39_breast
ENST00000352940,27,3,406,0.00027,0.50702,0.52463,v39_breast
ENST00000609686,56,2,1484,2e-05,0.5239,0.09029,v39_breast
ENST00000337630,15,3,326,0.00061,0.55787,0.31288,v39_breast
ENST00000674388,23,3,405,0.00032,0.65368,0.73662,v39_breast
ENST00000396209,3,0,155,0.0,0.4172,,v39_breast
ENST00000396207,3,0,155,0.0,0.4172,,v39_breast
ENST00000545604,26,3,730,0.00016,0.46791,0.76393,v39_breast
ENST00000539239,12,0,177,0.0,0.37994,,v39_breast
ENST00000395868,12,0,175,0.0,0.38429,,v39_breast
ENST00000301149,16,2,349,0.00036,0.5317,0.29226,v39_breast
ENST00000301190,35,3,452,0.00019,0.62503,0.94322,v39_breast
ENST00000327741,22,1,505,9e-05,0.51287,0.55446,v39_breast
ENST00000257901,24,1,507,8e-05,0.48669,0.2288,v39_breast
ENST00000252252,30,2,564,0.00012,0.53079,0.78635,v39_breast
ENST00000252242,28,1,590,6e-05,0.48777,0.68644,v39_breast
ENST00000252250,30,2,564,0.00012,0.53079,0.86082,v39_breast
ENST00000394815,34,2,452,0.00013,0.52824,0.36947,v39_breast
ENST00000332411,36,4,638,0.00017,0.50832,0.3319,v39_breast
ENST00000534842,20,1,557,9e-05,0.42056,0.64991,v39_breast
ENST00000444623,29,3,493,0.00021,0.50619,0.48682,v39_breast
ENST00000394313,20,2,366,0.00027,0.42637,0.53689,v39_breast
ENST00000352268,18,1,305,0.00018,0.42787,0.64262,v39_breast
ENST00000308796,1,0,90,0.0,0.21111,,v39_breast
ENST00000550412,14,1,122,0.00059,0.55913,0.7459,v39_breast
ENST00000257895,21,2,318,0.0003,0.51243,0.75786,v39_breast
ENST00000257895,21,2,318,0.0003,0.51243,0.75786,v39_breast
ENST00000448789,17,1,174,0.00034,0.5453,0.93103,v39_breast
ENST00000332782,16,2,364,0.00034,0.48815,0.29945,v39_breast
ENST00000550465,16,1,403,0.00016,0.46262,0.89082,v39_breast
ENST00000571490,17,1,246,0.00024,0.31612,0.71138,v39_breast
ENST00000300145,17,1,246,0.00024,0.31612,0.71138,v39_breast
ENST00000261187,14,3,478,0.00045,0.49178,0.63529,v39_breast
ENST00000333012,7,1,149,0.00096,0.51582,0.74497,v39_breast
ENST00000338356,18,0,443,0.0,0.55455,,v39_breast
ENST00000228641,15,1,242,0.00028,0.48733,0.70248,v39_breast
ENST00000266719,17,3,352,0.0005,0.55013,0.44034,v39_breast
ENST00000308385,10,1,235,0.00043,0.67915,0.90638,v39_breast
ENST00000441303,10,3,172,0.00174,0.45814,0.35465,v39_breast
ENST00000544971,21,0,764,0.0,0.51384,,v39_breast
ENST00000397655,30,4,573,0.00023,0.54218,0.62304,v39_breast
ENST00000439744,12,4,253,0.00132,0.70553,0.89427,v39_breast
ENST00000416293,25,1,470,9e-05,0.54962,0.54894,v39_breast
ENST00000261733,26,1,517,7e-05,0.55684,0.58994,v39_breast
ENST00000445409,32,4,414,0.0003,0.55035,0.61232,v39_breast
ENST00000310346,32,3,518,0.00018,0.61854,0.75933,v39_breast
ENST00000392509,5,1,89,0.00225,0.32135,0.20225,v39_breast
ENST00000449592,23,0,339,0.0,0.46005,,v39_breast
ENST00000543318,5,1,148,0.00135,0.54595,0.75676,v39_breast
ENST00000528880,10,2,387,0.00052,0.53462,0.77261,v39_breast
ENST00000328880,9,1,363,0.00031,0.46006,0.60055,v39_breast
ENST00000432564,12,2,346,0.00048,0.64331,0.74856,v39_breast
ENST00000435159,56,4,1108,6e-05,0.53902,0.5828,v39_breast
ENST00000443358,15,1,399,0.00017,0.49641,0.19799,v39_breast
ENST00000544181,7,2,153,0.00187,0.58917,0.54575,v39_breast
ENST00000542711,6,2,100,0.00333,0.595,0.63,v39_breast
ENST00000500625,8,2,94,0.00266,0.51463,0.36702,v39_breast
ENST00000713589,15,1,333,0.0002,0.48849,0.05706,v39_breast
ENST00000280056,18,3,271,0.00062,0.61829,0.78967,v39_breast
ENST00000375604,66,3,1123,4e-05,0.4444,0.61917,v39_breast
ENST00000351487,23,3,443,0.00029,0.56767,0.66366,v39_breast
ENST00000298690,11,2,156,0.00117,0.59499,0.51602,v39_breast
ENST00000451119,36,2,722,8e-05,0.493,0.5741,v39_breast
ENST00000554789,11,1,105,0.00087,0.4961,0.95238,v39_breast
ENST00000556015,11,1,105,0.00087,0.4961,0.95238,v39_breast
ENST00000540712,5,0,64,0.0,0.54688,,v39_breast
ENST00000216392,35,2,847,7e-05,0.45377,0.3967,v39_breast
ENST00000354886,14,4,521,0.00055,0.44434,0.56862,v39_breast
ENST00000353772,21,1,495,0.0001,0.56566,0.46667,v39_breast
ENST00000341099,22,2,530,0.00017,0.55677,0.7151,v39_breast
ENST00000554659,14,4,232,0.00123,0.48769,0.39978,v39_breast
ENST00000326303,17,2,421,0.00028,0.57636,0.52256,v39_breast
ENST00000311148,12,1,421,0.0002,0.56433,0.95012,v39_breast
ENST00000614271,22,0,414,0.0,0.50187,,v39_breast
ENST00000267615,22,0,414,0.0,0.50187,,v39_breast
ENST00000611681,1,0,104,0.0,0.68269,,v39_breast
ENST00000393115,1,0,104,0.0,0.68269,,v39_breast
ENST00000238558,11,0,257,0.0,0.56066,,v39_breast
ENST00000682763,84,4,975,5e-05,0.46745,0.73846,v39_breast
ENST00000261835,26,1,500,8e-05,0.59246,0.554,v39_breast
ENST00000553488,7,1,79,0.00181,0.51718,0.78481,v39_breast
ENST00000557649,5,0,160,0.0,0.34125,,v39_breast
ENST00000630349,5,0,160,0.0,0.34125,,v39_breast
ENST00000555055,24,0,346,0.0,0.50361,,v39_breast
ENST00000536364,24,2,485,0.00017,0.689,0.65774,v39_breast
ENST00000220507,14,1,236,0.0003,0.58929,0.37288,v39_breast
ENST00000645673,17,1,340,0.00017,0.45848,0.06471,v39_breast
ENST00000645673,17,1,340,0.00017,0.45848,0.06471,v39_breast
ENST00000342159,50,0,893,0.0,0.54195,,v39_breast
ENST00000648595,47,3,721,9e-05,0.44991,0.19417,v39_breast
ENST00000441366,46,3,691,9e-05,0.43695,0.17366,v39_breast
ENST00000349114,42,4,638,0.00015,0.5549,0.72531,v39_breast
ENST00000220420,44,4,720,0.00013,0.57576,0.7566,v39_breast
ENST00000357568,40,4,815,0.00012,0.54626,0.78344,v39_breast
ENST00000397163,40,4,821,0.00012,0.54519,0.78502,v39_breast
ENST00000380565,43,4,438,0.00021,0.48349,0.50742,v39_breast
ENST00000332680,15,2,357,0.00037,0.56713,0.2381,v39_breast
ENST00000396024,14,2,339,0.00042,0.58618,0.19764,v39_breast
ENST00000380258,2,1,65,0.00769,0.53846,0.78462,v39_breast
ENST00000530406,38,0,737,0.0,0.49718,,v39_breast
ENST00000558939,41,4,772,0.00013,0.38171,0.48284,v39_breast
ENST00000542035,12,2,212,0.00079,0.58373,0.79717,v39_breast
ENST00000565159,31,2,745,9e-05,0.56627,0.31208,v39_breast
ENST00000435464,31,2,745,9e-05,0.56627,0.31208,v39_breast
ENST00000564777,19,1,347,0.00015,0.47368,0.71182,v39_breast
ENST00000541638,22,1,398,0.00011,0.48127,0.74874,v39_breast
ENST00000672913,21,2,363,0.00026,0.59321,0.47383,v39_breast
ENST00000358632,21,2,363,0.00026,0.59321,0.47383,v39_breast
ENST00000332145,13,1,274,0.00028,0.51348,0.05109,v39_breast
ENST00000561421,19,1,419,0.00013,0.48964,0.42482,v39_breast
ENST00000615374,14,1,179,0.0004,0.41341,0.85475,v39_breast
ENST00000616533,15,3,208,0.00096,0.4375,0.4984,v39_breast
ENST00000394588,11,2,154,0.00118,0.56612,0.82792,v39_breast
ENST00000708236,11,2,154,0.00118,0.56612,0.82792,v39_breast
ENST00000360476,10,1,121,0.00083,0.67273,0.95868,v39_breast
ENST00000708237,10,1,121,0.00083,0.67273,0.95868,v39_breast
ENST00000557856,39,2,817,6e-05,0.52641,0.87087,v39_breast
ENST00000300057,13,0,268,0.0,0.54965,,v39_breast
ENST00000300055,26,1,522,7e-05,0.41659,0.86207,v39_breast
ENST00000430628,26,1,522,7e-05,0.41659,0.86207,v39_breast
ENST00000557301,19,0,458,0.0,0.48839,,v39_breast
ENST00000219409,8,1,225,0.00056,0.44444,0.44889,v39_breast
ENST00000397770,24,0,467,0.0,0.41533,,v39_breast
ENST00000539661,10,0,281,0.0,0.49253,,v39_breast
ENST00000562238,17,1,285,0.00021,0.68565,0.82105,v39_breast
ENST00000634500,9,0,172,0.0,0.59496,,v39_breast
ENST00000382280,9,0,172,0.0,0.59496,,v39_breast
ENST00000450020,14,0,300,0.0,0.51714,,v39_breast
ENST00000633324,6,0,169,0.0,0.49211,,v39_breast
ENST00000563507,6,0,169,0.0,0.49211,,v39_breast
ENST00000574025,47,2,840,5e-05,0.51596,0.40536,v39_breast
ENST00000631534,47,2,840,5e-05,0.51596,0.40536,v39_breast
ENST00000617235,52,2,907,4e-05,0.50513,0.44928,v39_breast
ENST00000537233,52,2,907,4e-05,0.50513,0.44928,v39_breast
ENST00000436368,27,2,392,0.00019,0.42234,0.3546,v39_breast
ENST00000339430,7,0,161,0.0,0.50133,,v39_breast
ENST00000600761,3,0,99,0.0,0.38384,,v39_breast
ENST00000575728,3,0,99,0.0,0.38384,,v39_breast
ENST00000331849,23,1,579,8e-05,0.51303,0.77029,v39_breast
ENST00000381440,19,1,535,0.0001,0.63797,0.53084,v39_breast
ENST00000324344,14,1,304,0.00023,0.53524,0.57237,v39_breast
ENST00000563998,5,1,152,0.00132,0.425,0.67105,v39_breast
ENST00000441782,24,0,454,0.0,0.58003,,v39_breast
ENST00000395630,13,0,295,0.0,0.36975,,v39_breast
ENST00000335715,13,0,295,0.0,0.36975,,v39_breast
ENST00000395503,32,2,994,6e-05,0.45479,0.45674,v39_breast
ENST00000395389,9,0,400,0.0,0.47139,,v39_breast
ENST00000690258,39,4,597,0.00017,0.49959,0.80067,v39_breast
ENST00000322861,7,0,169,0.0,0.45478,,v39_breast
ENST00000412304,19,0,364,0.0,0.51793,,v39_breast
ENST00000252797,18,2,408,0.00027,0.55038,0.2598,v39_breast
ENST00000539836,19,3,642,0.00025,0.59608,0.63032,v39_breast
ENST00000398682,5,0,124,0.0,0.44355,,v39_breast
ENST00000219197,7,2,193,0.00148,0.61288,0.65026,v39_breast
ENST00000356721,18,4,313,0.00071,0.62637,0.75878,v39_breast
ENST00000290552,22,3,446,0.00031,0.50163,0.45217,v39_breast
ENST00000394636,14,0,483,0.0,0.55176,,v39_breast
ENST00000568943,18,2,617,0.00018,0.53368,0.58671,v39_breast
ENST00000219833,19,3,628,0.00025,0.54928,0.71019,v39_breast
ENST00000422046,23,3,566,0.00023,0.53549,0.37633,v39_breast
ENST00000576783,23,3,566,0.00023,0.53549,0.37633,v39_breast
ENST00000571922,24,3,567,0.00022,0.53939,0.37566,v39_breast
ENST00000361503,24,3,567,0.00022,0.53939,0.37566,v39_breast
ENST00000219235,3,1,93,0.00358,0.41219,0.04301,v39_breast
ENST00000451102,8,3,234,0.0016,0.46474,0.44017,v39_breast
ENST00000545043,8,3,240,0.00156,0.50313,0.48889,v39_breast
ENST00000417693,8,3,247,0.00152,0.51012,0.49393,v39_breast
ENST00000311765,24,0,529,0.0,0.47991,,v39_breast
ENST00000362093,2,0,67,0.0,0.4403,,v39_breast
ENST00000306560,30,1,553,6e-05,0.46142,0.71971,v39_breast
ENST00000379046,12,2,236,0.00071,0.62041,0.62076,v39_breast
ENST00000379047,12,2,240,0.00069,0.60868,0.61875,v39_breast
ENST00000320623,14,2,274,0.00052,0.60506,0.60402,v39_breast
ENST00000635154,10,0,192,0.0,0.33906,,v39_breast
ENST00000349553,10,0,192,0.0,0.33906,,v39_breast
ENST00000302628,15,1,271,0.00025,0.41205,0.87823,v39_breast
ENST00000635371,15,1,271,0.00025,0.41205,0.87823,v39_breast
ENST00000302628,15,1,271,0.00025,0.41205,0.87823,v39_breast
ENST00000635371,15,1,271,0.00025,0.41205,0.87823,v39_breast
ENST00000564085,5,1,170,0.00118,0.58706,0.94706,v39_breast
ENST00000355860,6,2,189,0.00176,0.3977,0.35714,v39_breast
ENST00000709349,4,2,173,0.00289,0.29624,0.49422,v39_breast
ENST00000315467,4,2,173,0.00289,0.29624,0.49422,v39_breast
ENST00000634347,23,4,382,0.00046,0.52151,0.06741,v39_breast
ENST00000331006,13,0,313,0.0,0.46129,,v39_breast
ENST00000570182,26,1,441,9e-05,0.43651,0.05669,v39_breast
ENST00000333813,10,2,177,0.00113,0.50452,0.41526,v39_breast
ENST00000323434,19,0,286,0.0,0.35462,,v39_breast
ENST00000632000,19,0,286,0.0,0.35462,,v39_breast
ENST00000611774,8,1,264,0.00047,0.56534,0.85985,v39_breast
ENST00000330676,8,1,264,0.00047,0.56534,0.85985,v39_breast
ENST00000648651,59,4,1063,6e-05,0.52255,0.60489,v39_breast
ENST00000254853,14,1,448,0.00016,0.46221,0.1875,v39_breast
ENST00000424747,14,1,448,0.00016,0.46221,0.1875,v39_breast
ENST00000381129,20,1,384,0.00013,0.53477,0.89583,v39_breast
ENST00000575858,7,1,44,0.00325,0.56493,0.56818,v39_breast
ENST00000330255,8,0,312,0.0,0.48397,,v39_breast
ENST00000395782,4,0,199,0.0,0.46608,,v39_breast
ENST00000339618,23,3,508,0.00026,0.37436,0.26575,v39_breast
ENST00000444914,27,2,641,0.00012,0.49934,0.76209,v39_breast
ENST00000314669,24,2,592,0.00014,0.50802,0.7424,v39_breast
ENST00000307201,15,0,468,0.0,0.49516,,v39_breast
ENST00000586869,10,0,193,0.0,0.40518,,v39_breast
ENST00000611911,30,3,520,0.00019,0.50231,0.50641,v39_breast
ENST00000605424,30,3,520,0.00019,0.50231,0.50641,v39_breast
ENST00000634177,8,1,116,0.00108,0.48707,0.06897,v39_breast
ENST00000615024,8,1,116,0.00108,0.48707,0.06897,v39_breast
ENST00000619828,13,1,228,0.00034,0.43691,0.03509,v39_breast
ENST00000633122,13,1,228,0.00034,0.43691,0.03509,v39_breast
ENST00000621143,13,1,260,0.0003,0.64408,0.78077,v39_breast
ENST00000618403,13,1,260,0.0003,0.64408,0.78077,v39_breast
ENST00000617516,8,1,198,0.00063,0.613,0.87879,v39_breast
ENST00000614294,8,1,198,0.00063,0.613,0.87879,v39_breast
ENST00000394267,10,0,168,0.0,0.55238,,v39_breast
ENST00000445327,30,4,555,0.00024,0.59279,0.42793,v39_breast
ENST00000394148,18,0,171,0.0,0.50292,,v39_breast
ENST00000254051,47,3,715,9e-05,0.51409,0.41492,v39_breast
ENST00000254043,28,1,456,8e-05,0.5943,0.97807,v39_breast
ENST00000167586,25,0,472,0.0,0.67814,,v39_breast
ENST00000311208,30,1,432,8e-05,0.64468,0.36343,v39_breast
ENST00000301653,32,1,473,7e-05,0.69424,0.68922,v39_breast
ENST00000585807,8,1,328,0.00038,0.47828,0.12805,v39_breast
ENST00000293396,8,2,233,0.00107,0.54131,0.84335,v39_breast
ENST00000377203,11,2,273,0.00067,0.55545,0.9066,v39_breast
ENST00000317310,17,2,332,0.00035,0.52339,0.84789,v39_breast
ENST00000293443,29,1,826,4e-05,0.47111,0.42252,v39_breast
ENST00000621465,12,2,210,0.00079,0.58056,0.93333,v39_breast
ENST00000393405,23,3,270,0.00048,0.41192,0.22469,v39_breast
ENST00000240306,19,0,240,0.0,0.58991,,v39_breast
ENST00000509079,13,2,374,0.00041,0.55491,0.51336,v39_breast
ENST00000427699,23,4,572,0.0003,0.58551,0.41521,v39_breast
ENST00000262065,5,0,238,0.0,0.36218,,v39_breast
ENST00000572558,11,2,231,0.00079,0.58756,0.91775,v39_breast
ENST00000505165,85,4,2205,2e-05,0.52807,0.26406,v39_breast
ENST00000394239,25,3,396,0.0003,0.4101,0.46465,v39_breast
ENST00000340993,26,2,398,0.00019,0.42327,0.31658,v39_breast
ENST00000334461,2,0,75,0.0,0.54667,,v39_breast
ENST00000392621,11,1,201,0.00045,0.40118,0.91542,v39_breast
ENST00000709208,11,1,201,0.00045,0.40118,0.91542,v39_breast
ENST00000245551,21,1,256,0.00019,0.43862,0.39844,v39_breast
ENST00000592014,4,0,54,0.0,0.48148,,v39_breast
ENST00000293217,37,3,660,0.00012,0.53612,0.69192,v39_breast
ENST00000336509,15,1,449,0.00015,0.44855,0.26281,v39_breast
ENST00000446868,20,2,398,0.00025,0.36118,0.11432,v39_breast
ENST00000310924,39,1,767,3e-05,0.51315,0.74837,v39_breast
ENST00000696048,16,0,355,0.0,0.52183,,v39_breast
ENST00000350690,15,2,287,0.00046,0.48966,0.60105,v39_breast
ENST00000337943,12,1,316,0.00026,0.64478,0.69937,v39_breast
ENST00000576343,17,0,314,0.0,0.51255,,v39_breast
ENST00000320477,9,4,219,0.00203,0.49772,0.5936,v39_breast
ENST00000383233,10,1,296,0.00034,0.47095,0.56419,v39_breast
ENST00000400473,12,2,306,0.00054,0.4616,0.44608,v39_breast
ENST00000256906,11,2,390,0.00047,0.64872,0.81282,v39_breast
ENST00000269205,16,3,297,0.00063,0.46528,0.35354,v39_breast
ENST00000586448,22,2,920,0.0001,0.54091,0.42609,v39_breast
ENST00000255226,22,2,920,0.0001,0.54091,0.42609,v39_breast
ENST00000269439,40,3,346,0.00022,0.44025,0.77071,v39_breast
ENST00000635228,41,4,598,0.00016,0.45257,0.47617,v39_breast
ENST00000256413,41,4,598,0.00016,0.45257,0.47617,v39_breast
ENST00000634350,41,4,600,0.00016,0.45219,0.47542,v39_breast
ENST00000382998,41,4,600,0.00016,0.45219,0.47542,v39_breast
ENST00000269468,42,4,605,0.00016,0.49567,0.28347,v39_breast
ENST00000529320,8,0,138,0.0,0.62772,,v39_breast
ENST00000382771,13,4,375,0.00082,0.43036,0.384,v39_breast
ENST00000589955,6,0,205,0.0,0.44797,,v39_breast
ENST00000397914,3,1,124,0.00269,0.19624,0.42742,v39_breast
ENST00000332235,15,2,421,0.00032,0.47173,0.16627,v39_breast
ENST00000327790,13,1,309,0.00025,0.5066,0.8835,v39_breast
ENST00000615234,19,0,210,0.0,0.5416,,v39_breast
ENST00000354171,1,0,72,0.0,0.98611,,v39_breast
ENST00000585362,6,0,109,0.0,0.42049,,v39_breast
ENST00000342063,20,2,473,0.00021,0.48943,0.48838,v39_breast
ENST00000221561,26,1,264,0.00015,0.57037,0.54545,v39_breast
ENST00000417295,19,1,320,0.00016,0.51365,0.54063,v39_breast
ENST00000339423,11,0,286,0.0,0.45645,,v39_breast
ENST00000414982,69,3,1375,3e-05,0.47182,0.3886,v39_breast
ENST00000215555,8,1,246,0.00051,0.59146,0.15447,v39_breast
ENST00000215555,8,1,246,0.00051,0.59146,0.15447,v39_breast
ENST00000253099,17,2,311,0.00038,0.4651,0.6865,v39_breast
ENST00000585352,7,0,84,0.0,0.51701,,v39_breast
ENST00000252453,21,4,198,0.00096,0.64045,0.65152,v39_breast
ENST00000548381,4,0,71,0.0,0.34155,,v39_breast
ENST00000672142,32,0,510,0.0,0.44363,,v39_breast
ENST00000538371,32,0,510,0.0,0.44363,,v39_breast
ENST00000324340,21,3,322,0.00044,0.53815,0.22464,v39_breast
ENST00000301944,13,1,212,0.00036,0.49383,0.21226,v39_breast
ENST00000598381,21,1,803,6e-05,0.44096,0.02242,v39_breast
ENST00000498907,17,1,358,0.00016,0.53763,0.91899,v39_breast
ENST00000253188,12,1,523,0.00016,0.48741,0.99809,v39_breast
ENST00000623113,9,2,141,0.00158,0.71474,0.54256,v39_breast
ENST00000438847,21,0,424,0.0,0.42913,,v39_breast
ENST00000397032,13,1,452,0.00017,0.38853,0.30531,v39_breast
ENST00000327809,15,1,346,0.00019,0.68227,0.95954,v39_breast
ENST00000599180,13,0,330,0.0,0.57063,,v39_breast
ENST00000346446,6,0,113,0.0,0.56637,,v39_breast
ENST00000246533,12,2,268,0.00062,0.67942,0.8041,v39_breast
ENST00000589046,28,1,488,7e-05,0.48646,0.05533,v39_breast
ENST00000532141,28,1,488,7e-05,0.48646,0.05533,v39_breast
ENST00000586305,36,4,659,0.00017,0.43698,0.42451,v39_breast
ENST00000292853,17,1,283,0.00021,0.54209,0.91873,v39_breast
ENST00000339852,16,1,275,0.00023,0.53318,0.63273,v39_breast
ENST00000392038,16,0,481,0.0,0.55509,,v39_breast
ENST00000594436,8,0,131,0.0,0.62214,,v39_breast
ENST00000263369,8,0,131,0.0,0.62214,,v39_breast
ENST00000406636,11,3,297,0.00092,0.56474,0.56566,v39_breast
ENST00000405312,20,3,419,0.00036,0.46301,0.59507,v39_breast
ENST00000403660,23,2,300,0.00029,0.4158,0.29834,v39_breast
ENST00000221476,11,1,381,0.00024,0.69291,0.91339,v39_breast
ENST00000417353,19,0,302,0.0,0.4336,,v39_breast
ENST00000353609,23,0,338,0.0,0.44044,,v39_breast
ENST00000449228,16,2,261,0.00048,0.50575,0.81418,v39_breast
ENST00000345358,13,0,192,0.0,0.3742,,v39_breast
ENST00000357701,35,2,1141,5e-05,0.53843,0.39045,v39_breast
ENST00000439922,8,0,171,0.0,0.64401,,v39_breast
ENST00000376851,15,0,244,0.0,0.54016,,v39_breast
ENST00000391809,16,2,293,0.00043,0.57466,0.5512,v39_breast
ENST00000250351,12,2,254,0.00066,0.52461,0.50196,v39_breast
ENST00000320838,2,0,32,0.0,0.4375,,v39_breast
ENST00000347619,5,0,119,0.0,0.40336,,v39_breast
ENST00000695909,20,2,260,0.00038,0.40615,0.22308,v39_breast
ENST00000391806,23,3,305,0.00043,0.44505,0.27541,v39_breast
ENST00000597707,7,1,181,0.00079,0.52328,0.18785,v39_breast
ENST00000439889,48,4,639,0.00013,0.47349,0.26095,v39_breast
ENST00000391769,9,1,322,0.00035,0.52036,0.10248,v39_breast
ENST00000618103,7,1,208,0.00069,0.47871,0.85096,v39_breast
ENST00000301202,4,0,152,0.0,0.27467,,v39_breast
ENST00000622556,4,0,152,0.0,0.27467,,v39_breast
ENST00000612901,4,0,152,0.0,0.27467,,v39_breast
ENST00000301194,31,1,451,7e-05,0.53287,0.6918,v39_breast
ENST00000619591,31,1,451,7e-05,0.53287,0.6918,v39_breast
ENST00000611133,31,1,451,7e-05,0.53287,0.6918,v39_breast
ENST00000616929,31,1,451,7e-05,0.53287,0.6918,v39_breast
ENST00000620298,30,1,450,7e-05,0.51926,0.69333,v39_breast
ENST00000376530,30,1,450,7e-05,0.51926,0.69333,v39_breast
ENST00000611711,30,1,450,7e-05,0.51926,0.69333,v39_breast
ENST00000619450,30,1,450,7e-05,0.51926,0.69333,v39_breast
ENST00000620501,11,1,333,0.00027,0.39776,0.50751,v39_breast
ENST00000612634,11,1,333,0.00027,0.39776,0.50751,v39_breast
ENST00000617195,5,0,118,0.0,0.34576,,v39_breast
ENST00000291901,15,4,262,0.00102,0.56056,0.67939,v39_breast
ENST00000621882,9,3,178,0.00187,0.62734,0.4176,v39_breast
ENST00000620822,9,3,178,0.00187,0.62734,0.4176,v39_breast
ENST00000615719,9,3,178,0.00187,0.62734,0.4176,v39_breast
ENST00000353758,9,3,178,0.00187,0.62734,0.4176,v39_breast
ENST00000622470,9,3,178,0.00187,0.62734,0.4176,v39_breast
ENST00000620179,9,3,178,0.00187,0.62734,0.4176,v39_breast
ENST00000617964,9,3,178,0.00187,0.62734,0.4176,v39_breast
ENST00000621755,9,3,178,0.00187,0.62734,0.4176,v39_breast
ENST00000618271,9,3,178,0.00187,0.62734,0.4176,v39_breast
ENST00000639163,9,3,178,0.00187,0.62734,0.4176,v39_breast
ENST00000622646,9,3,178,0.00187,0.62734,0.4176,v39_breast
ENST00000614513,10,1,304,0.00033,0.53947,0.97039,v39_breast
ENST00000617330,10,1,304,0.00033,0.53947,0.97039,v39_breast
ENST00000640609,10,1,304,0.00033,0.53947,0.97039,v39_breast
ENST00000613265,10,1,304,0.00033,0.53947,0.97039,v39_breast
ENST00000611193,10,1,304,0.00033,0.53947,0.97039,v39_breast
ENST00000614725,10,1,304,0.00033,0.53947,0.97039,v39_breast
ENST00000238091,10,3,150,0.002,0.49533,0.68667,v39_breast
ENST00000355346,11,3,200,0.00136,0.46136,0.68167,v39_breast
ENST00000272238,20,2,427,0.00023,0.53443,0.54683,v39_breast
ENST00000395826,10,0,267,0.0,0.43034,,v39_breast
ENST00000402394,28,4,318,0.00045,0.48079,0.47877,v39_breast
ENST00000405912,17,3,353,0.0005,0.50892,0.56374,v39_breast
ENST00000294954,26,4,699,0.00022,0.41493,0.46638,v39_breast
ENST00000337130,18,2,508,0.00022,0.33432,0.17716,v39_breast
ENST00000234392,12,0,290,0.0,0.42299,,v39_breast
ENST00000433351,18,1,505,0.00011,0.50517,0.82376,v39_breast
ENST00000234396,26,4,513,0.0003,0.48223,0.71491,v39_breast
ENST00000290573,36,2,917,6e-05,0.52069,0.57579,v39_breast
ENST00000409429,22,3,342,0.0004,0.46305,0.39766,v39_breast
ENST00000233668,28,3,481,0.00022,0.51537,0.57172,v39_breast
ENST00000393852,28,4,381,0.00037,0.47244,0.66076,v39_breast
ENST00000359481,6,1,96,0.00174,0.50174,0.73958,v39_breast
ENST00000318357,18,2,305,0.00036,0.50073,0.7082,v39_breast
ENST00000536814,34,4,547,0.00022,0.50828,0.49406,v39_breast
ENST00000393526,15,1,119,0.00056,0.54286,0.17647,v39_breast
ENST00000377079,23,4,359,0.00048,0.3758,0.42062,v39_breast
ENST00000544547,13,0,337,0.0,0.35563,,v39_breast
ENST00000352179,7,1,197,0.00073,0.52719,0.53807,v39_breast
ENST00000311328,6,1,192,0.00087,0.58594,0.52604,v39_breast
ENST00000354115,9,0,159,0.0,0.42069,,v39_breast
ENST00000259206,9,0,180,0.0,0.48827,,v39_breast
ENST00000409930,9,0,177,0.0,0.4796,,v39_breast
ENST00000306406,9,1,190,0.00058,0.33333,0.63158,v39_breast
ENST00000535617,4,2,97,0.00515,0.14948,0.24227,v39_breast
ENST00000535757,1,1,104,0.00962,0.48077,0.48077,v39_breast
ENST00000393103,1,1,88,0.01136,0.38636,0.38636,v39_breast
ENST00000352848,28,1,454,8e-05,0.44517,0.85022,v39_breast
ENST00000259238,31,1,497,6e-05,0.457,0.86318,v39_breast
ENST00000329366,3,0,126,0.0,0.38889,,v39_breast
ENST00000409680,22,3,443,0.00031,0.54864,0.43341,v39_breast
ENST00000348328,17,2,336,0.00035,0.55602,0.40625,v39_breast
ENST00000335450,21,2,413,0.00023,0.54468,0.51694,v39_breast
ENST00000243349,24,3,493,0.00025,0.54911,0.49087,v39_breast
ENST00000357546,8,3,319,0.00118,0.6489,0.814,v39_breast
ENST00000389683,23,3,489,0.00027,0.51694,0.66326,v39_breast
ENST00000421438,16,3,237,0.00079,0.69805,0.67511,v39_breast
ENST00000340623,5,0,95,0.0,0.50947,,v39_breast
ENST00000307834,3,0,54,0.0,0.43827,,v39_breast
ENST00000409600,24,1,419,0.0001,0.43864,0.62768,v39_breast
ENST00000417189,28,4,555,0.00026,0.57561,0.58288,v39_breast
ENST00000341685,7,1,150,0.00095,0.40095,0.44667,v39_breast
ENST00000352451,8,2,194,0.00129,0.50258,0.41494,v39_breast
ENST00000457754,13,1,172,0.00045,0.51431,0.9186,v39_breast
ENST00000522678,12,1,330,0.00025,0.66616,0.68182,v39_breast
ENST00000519574,12,1,330,0.00025,0.66616,0.68182,v39_breast
ENST00000304568,7,0,229,0.0,0.61447,,v39_breast
ENST00000336840,25,4,407,0.00039,0.53346,0.63145,v39_breast
ENST00000644224,18,1,496,0.00011,0.57135,0.94758,v39_breast
ENST00000305141,17,2,426,0.00028,0.62179,0.72418,v39_breast
ENST00000695538,3,1,121,0.00275,0.51515,0.2314,v39_breast
ENST00000373426,15,1,530,0.00013,0.47535,0.34151,v39_breast
ENST00000409223,34,3,578,0.00015,0.41807,0.44579,v39_breast
ENST00000318407,5,0,212,0.0,0.46698,,v39_breast
ENST00000382376,6,3,95,0.00526,0.73158,0.8386,v39_breast
ENST00000381922,55,4,503,0.00014,0.39805,0.32008,v39_breast
ENST00000217386,5,0,125,0.0,0.6288,,v39_breast
ENST00000254963,36,2,686,8e-05,0.45769,0.47668,v39_breast
ENST00000202834,1,0,120,0.0,0.26667,,v39_breast
ENST00000379286,1,0,120,0.0,0.26667,,v39_breast
ENST00000310450,3,1,111,0.003,0.67267,0.2973,v39_breast
ENST00000375985,24,1,596,7e-05,0.44037,0.53356,v39_breast
ENST00000629881,24,1,505,8e-05,0.55949,0.99406,v39_breast
ENST00000456297,34,3,694,0.00013,0.40583,0.27137,v39_breast
ENST00000374369,23,2,501,0.00017,0.49345,0.21258,v39_breast
ENST00000360596,28,1,701,5e-05,0.47091,0.21969,v39_breast
ENST00000374092,23,2,457,0.00019,0.49967,0.70131,v39_breast
ENST00000427442,43,3,840,8e-05,0.47946,0.34603,v39_breast
ENST00000396825,9,0,262,0.0,0.66667,,v39_breast
ENST00000397137,1,0,87,0.0,0.04598,,v39_breast
ENST00000649451,7,1,81,0.00176,0.67725,0.54321,v39_breast
ENST00000373100,16,3,367,0.00051,0.49472,0.29791,v39_breast
ENST00000341458,16,3,367,0.00051,0.49472,0.29791,v39_breast
ENST00000438466,10,2,288,0.00069,0.50764,0.40278,v39_breast
ENST00000372861,9,0,330,0.0,0.37879,,v39_breast
ENST00000360607,33,2,540,0.00011,0.43277,0.44074,v39_breast
ENST00000537548,37,2,581,9e-05,0.43513,0.44492,v39_breast
ENST00000372555,5,0,160,0.0,0.37,,v39_breast
ENST00000352551,8,1,150,0.00083,0.5725,0.23333,v39_breast
ENST00000462307,9,0,158,0.0,0.52602,,v39_breast
ENST00000372330,30,1,707,5e-05,0.50981,0.03112,v39_breast
ENST00000472148,16,1,520,0.00012,0.44231,0.93269,v39_breast
ENST00000201031,26,2,450,0.00017,0.45872,0.70334,v39_breast
ENST00000453505,3,0,45,0.0,0.33333,,v39_breast
ENST00000371149,20,2,501,0.0002,0.52555,0.84431,v39_breast
ENST00000341744,16,1,287,0.00022,0.51481,0.97909,v39_breast
ENST00000347215,14,1,252,0.00028,0.51786,0.97619,v39_breast
ENST00000395816,13,1,237,0.00032,0.52743,0.97468,v39_breast
ENST00000265626,13,1,237,0.00032,0.52743,0.97468,v39_breast
ENST00000311585,10,1,219,0.00046,0.47123,0.55708,v39_breast
ENST00000371075,14,1,245,0.00029,0.40408,0.24082,v39_breast
ENST00000306120,48,1,690,3e-05,0.46676,0.6029,v39_breast
ENST00000336866,10,1,370,0.00027,0.57757,0.51622,v39_breast
ENST00000448100,35,0,511,0.0,0.57808,,v39_breast
ENST00000346249,9,3,206,0.00162,0.51187,0.58414,v39_breast
ENST00000400165,9,1,200,0.00056,0.565,0.55,v39_breast
ENST00000284987,41,3,930,8e-05,0.48733,0.67383,v39_breast
ENST00000399907,31,4,918,0.00014,0.53848,0.5708,v39_breast
ENST00000399784,11,2,172,0.00106,0.67759,0.66279,v39_breast
ENST00000339944,4,0,102,0.0,0.80147,,v39_breast
ENST00000399289,6,1,129,0.00129,0.46253,0.89922,v39_breast
ENST00000380618,14,2,310,0.00046,0.43802,0.1629,v39_breast
ENST00000398897,15,2,363,0.00037,0.47842,0.59091,v39_breast
ENST00000291527,3,1,84,0.00397,0.44841,0.45238,v39_breast
ENST00000433957,17,1,454,0.00013,0.4724,0.0837,v39_breast
ENST00000380010,13,0,489,0.0,0.41324,,v39_breast
ENST00000457828,33,3,652,0.00014,0.56544,0.63651,v39_breast
ENST00000215882,12,1,311,0.00027,0.51018,0.55949,v39_breast
ENST00000215882,12,1,311,0.00027,0.51018,0.55949,v39_breast
ENST00000359500,11,0,372,0.0,0.61779,,v39_breast
ENST00000407755,32,3,740,0.00013,0.59312,0.56306,v39_breast
ENST00000382932,21,4,635,0.0003,0.67589,0.77441,v39_breast
ENST00000401443,19,2,415,0.00025,0.47115,0.7229,v39_breast
ENST00000413302,21,2,441,0.00022,0.46097,0.73923,v39_breast
ENST00000249053,4,0,84,0.0,0.4256,,v39_breast
ENST00000342192,7,0,154,0.0,0.5705,,v39_breast
ENST00000216101,6,0,203,0.0,0.47537,,v39_breast
ENST00000621062,30,2,681,0.0001,0.56094,0.68356,v39_breast
ENST00000266086,18,3,659,0.00025,0.51981,0.696,v39_breast
ENST00000266088,16,2,664,0.00019,0.52861,0.78238,v39_breast
ENST00000249044,22,4,433,0.00042,0.58094,0.56351,v39_breast
ENST00000617827,22,4,433,0.00042,0.58094,0.56351,v39_breast
ENST00000442487,11,1,183,0.0005,0.5539,0.06011,v39_breast
ENST00000401756,11,1,200,0.00045,0.50955,0.055,v39_breast
ENST00000360835,52,3,988,6e-05,0.53449,0.56849,v39_breast
ENST00000216180,16,3,481,0.00039,0.55626,0.6237,v39_breast
ENST00000403744,33,3,486,0.00019,0.53361,0.46845,v39_breast
ENST00000396265,5,1,169,0.00118,0.53964,0.60947,v39_breast
ENST00000688117,15,0,334,0.0,0.48623,,v39_breast
ENST00000407623,13,0,278,0.0,0.46237,,v39_breast
ENST00000403581,23,2,411,0.00021,0.45181,0.16788,v39_breast
ENST00000159647,22,0,643,0.0,0.46593,,v39_breast
ENST00000252029,31,2,482,0.00013,0.45944,0.17427,v39_breast
ENST00000316793,12,0,389,0.0,0.53599,,v39_breast
ENST00000383814,30,2,667,0.0001,0.5049,0.488,v39_breast
ENST00000383817,15,2,251,0.00053,0.55219,0.59562,v39_breast
ENST00000336832,14,2,238,0.0006,0.56663,0.57353,v39_breast
ENST00000675828,14,2,238,0.0006,0.56663,0.57353,v39_breast
ENST00000618572,15,2,248,0.00054,0.5578,0.59073,v39_breast
ENST00000397056,20,3,487,0.00031,0.51478,0.70637,v39_breast
ENST00000306698,18,4,292,0.00076,0.40126,0.38014,v39_breast
ENST00000420173,14,3,376,0.00057,0.38849,0.41844,v39_breast
ENST00000282538,16,3,521,0.00036,0.46665,0.1126,v39_breast
ENST00000455624,80,4,1983,3e-05,0.5167,0.50542,v39_breast
ENST00000542107,7,1,355,0.0004,0.48451,0.92676,v39_breast
ENST00000358309,7,1,387,0.00037,0.52713,0.93282,v39_breast
ENST00000296130,12,0,202,0.0,0.47772,,v39_breast
ENST00000424952,11,2,299,0.00061,0.52143,0.61538,v39_breast
ENST00000610462,13,1,477,0.00016,0.46751,0.68134,v39_breast
ENST00000458307,17,2,359,0.00033,0.4116,0.24512,v39_breast
ENST00000359365,16,0,340,0.0,0.60423,,v39_breast
ENST00000357203,8,2,162,0.00154,0.75849,0.70988,v39_breast
ENST00000231721,44,4,782,0.00012,0.48541,0.41177,v39_breast
ENST00000436784,33,3,523,0.00017,0.45802,0.54175,v39_breast
ENST00000486455,7,2,275,0.00104,0.57818,0.83818,v39_breast
ENST00000421769,4,1,118,0.00212,0.38348,0.36441,v39_breast
ENST00000383657,7,2,254,0.00112,0.58774,0.63583,v39_breast
ENST00000184183,11,1,212,0.00043,0.46355,0.88679,v39_breast
ENST00000296181,29,3,799,0.00013,0.49247,0.19816,v39_breast
ENST00000251776,11,1,212,0.00043,0.43997,0.88679,v39_breast
ENST00000398104,10,2,303,0.00066,0.44059,0.17822,v39_breast
ENST00000393304,10,1,212,0.00047,0.40236,0.68868,v39_breast
ENST00000441626,7,0,179,0.0,0.44852,,v39_breast
ENST00000402696,19,3,698,0.00023,0.43304,0.61605,v39_breast
ENST00000249887,14,4,350,0.00082,0.49776,0.52072,v39_breast
ENST00000446465,13,2,412,0.00037,0.50261,0.53155,v39_breast
ENST00000289104,11,1,208,0.00044,0.54939,0.85096,v39_breast
ENST00000621127,7,1,132,0.00108,0.57576,0.76515,v39_breast
ENST00000423968,11,1,208,0.00044,0.54939,0.85096,v39_breast
ENST00000295992,21,2,415,0.00023,0.55995,0.69277,v39_breast
ENST00000282957,16,4,417,0.0006,0.46927,0.26379,v39_breast
ENST00000362032,10,0,334,0.0,0.60449,,v39_breast
ENST00000232892,12,3,399,0.00063,0.62155,0.42606,v39_breast
ENST00000302632,11,1,342,0.00027,0.48511,0.96491,v39_breast
ENST00000483851,21,2,319,0.0003,0.55755,0.54389,v39_breast
ENST00000441443,22,2,331,0.00027,0.5515,0.52417,v39_breast
ENST00000389589,23,2,355,0.00024,0.56595,0.55634,v39_breast
ENST00000497599,12,1,173,0.00048,0.49807,0.99422,v39_breast
ENST00000314235,12,2,279,0.0006,0.59438,0.8853,v39_breast
ENST00000345063,12,2,275,0.00061,0.33545,0.36364,v39_breast
ENST00000320741,11,0,244,0.0,0.55775,,v39_breast
ENST00000444204,11,0,244,0.0,0.55775,,v39_breast
ENST00000347624,39,1,581,4e-05,0.49455,0.6506,v39_breast
ENST00000428839,39,1,587,4e-05,0.49972,0.65417,v39_breast
ENST00000397537,12,1,214,0.00039,0.50234,0.12617,v39_breast
ENST00000412723,24,4,579,0.00029,0.45726,0.55441,v39_breast
ENST00000442633,5,1,209,0.00096,0.52823,0.64593,v39_breast
ENST00000454715,4,1,183,0.00137,0.52323,0.59563,v39_breast
ENST00000273695,5,1,209,0.00096,0.52823,0.64593,v39_breast
ENST00000273695,5,1,209,0.00096,0.52823,0.64593,v39_breast
ENST00000617421,13,2,331,0.00046,0.43295,0.63897,v39_breast
ENST00000423729,8,0,302,0.0,0.56043,,v39_breast
ENST00000382333,12,3,234,0.00107,0.43803,0.39031,v39_breast
ENST00000402813,26,4,686,0.00022,0.543,0.34767,v39_breast
ENST00000504305,13,2,210,0.00073,0.56923,0.51428,v39_breast
ENST00000246891,17,4,185,0.00127,0.61145,0.67027,v39_breast
ENST00000324439,20,4,261,0.00077,0.52031,0.59099,v39_breast
ENST00000264893,27,2,429,0.00017,0.62385,0.87063,v39_breast
ENST00000328546,10,2,300,0.00067,0.47434,0.54667,v39_breast
ENST00000318007,11,3,214,0.00127,0.48811,0.57633,v39_breast
ENST00000603302,10,1,331,0.0003,0.46828,0.48943,v39_breast
ENST00000394804,5,2,147,0.00272,0.44898,0.37415,v39_breast
ENST00000394607,15,1,265,0.00025,0.45233,0.03019,v39_breast
ENST00000262999,14,3,307,0.0007,0.50814,0.73724,v39_breast
ENST00000502847,7,1,68,0.0021,0.64706,0.39706,v39_breast
ENST00000296533,15,1,384,0.00017,0.47361,0.17448,v39_breast
ENST00000338566,10,1,445,0.00022,0.44764,0.08989,v39_breast
ENST00000506455,39,4,690,0.00015,0.54199,0.47246,v39_breast
ENST00000422112,14,4,198,0.00144,0.46645,0.40783,v39_breast
ENST00000302006,20,2,480,0.00021,0.51094,0.86458,v39_breast
ENST00000382611,12,0,471,0.0,0.44869,,v39_breast
ENST00000630537,9,2,163,0.00136,0.39468,0.53374,v39_breast
ENST00000326958,15,2,324,0.00041,0.51193,0.46605,v39_breast
ENST00000265074,19,3,541,0.00029,0.5736,0.48306,v39_breast
ENST00000354891,44,3,1017,7e-05,0.44241,0.57784,v39_breast
ENST00000361115,6,0,127,0.0,0.44226,,v39_breast
ENST00000406374,10,3,250,0.0012,0.6332,0.66133,v39_breast
ENST00000439211,8,3,187,0.00201,0.43783,0.41533,v39_breast
ENST00000274432,15,1,254,0.00026,0.50236,0.1811,v39_breast
ENST00000509053,10,3,298,0.00101,0.34597,0.47875,v39_breast
ENST00000250535,10,2,200,0.001,0.383,0.25,v39_breast
ENST00000446294,1,0,68,0.0,0.17647,,v39_breast
ENST00000446294,1,0,68,0.0,0.17647,,v39_breast
ENST00000503143,12,2,244,0.00068,0.51537,0.48156,v39_breast
ENST00000394520,28,1,474,8e-05,0.44515,0.09072,v39_breast
ENST00000360966,1,0,60,0.0,0.9,,v39_breast
ENST00000621536,6,0,155,0.0,0.51505,,v39_breast
ENST00000455880,20,2,457,0.00022,0.5651,0.63676,v39_breast
ENST00000231061,10,0,303,0.0,0.47723,,v39_breast
ENST00000420343,19,2,233,0.00045,0.45426,0.43562,v39_breast
ENST00000520638,34,3,677,0.00013,0.51894,0.7932,v39_breast
ENST00000377365,37,3,535,0.00015,0.51286,0.29782,v39_breast
ENST00000306268,13,1,378,0.0002,0.36427,0.10053,v39_breast
ENST00000274609,22,2,566,0.00016,0.57686,0.45142,v39_breast
ENST00000292641,3,0,104,0.0,0.60577,,v39_breast
ENST00000274643,14,0,388,0.0,0.50037,,v39_breast
ENST00000333628,22,1,445,0.0001,0.53146,0.97079,v39_breast
ENST00000696871,29,3,450,0.00023,0.54904,0.87926,v39_breast
ENST00000259818,22,1,445,0.0001,0.53146,0.97079,v39_breast
ENST00000430655,1,0,44,0.0,0.84091,,v39_breast
ENST00000319516,24,2,433,0.00019,0.39607,0.75866,v39_breast
ENST00000379284,17,1,287,0.0002,0.53474,0.38328,v39_breast
ENST00000306482,14,1,227,0.00031,0.47483,0.44493,v39_breast
ENST00000415922,26,2,402,0.00019,0.51646,0.91791,v39_breast
ENST00000383611,10,1,420,0.00024,0.54,0.59524,v39_breast
ENST00000432647,10,1,420,0.00024,0.54,0.59524,v39_breast
ENST00000450015,10,1,420,0.00024,0.54,0.59524,v39_breast
ENST00000449145,10,1,420,0.00024,0.54,0.59524,v39_breast
ENST00000456156,10,1,420,0.00024,0.54,0.59524,v39_breast
ENST00000244360,10,1,352,0.00028,0.45114,0.51705,v39_breast
ENST00000420562,10,1,420,0.00024,0.54,0.59524,v39_breast
ENST00000425956,10,1,420,0.00024,0.54,0.59524,v39_breast
ENST00000434217,15,0,78,0.0,0.42479,,v39_breast
ENST00000448779,15,0,78,0.0,0.42479,,v39_breast
ENST00000376151,15,0,78,0.0,0.42479,,v39_breast
ENST00000443657,15,0,78,0.0,0.42479,,v39_breast
ENST00000421596,15,0,78,0.0,0.42479,,v39_breast
ENST00000452453,15,0,78,0.0,0.42479,,v39_breast
ENST00000447174,15,0,78,0.0,0.42479,,v39_breast
ENST00000266003,7,1,114,0.00125,0.49624,0.80702,v39_breast
ENST00000430124,7,1,115,0.00124,0.49193,0.8,v39_breast
ENST00000374037,16,0,335,0.0,0.5791,,v39_breast
ENST00000373674,13,0,463,0.0,0.47832,,v39_breast
ENST00000373188,19,0,385,0.0,0.5445,,v39_breast
ENST00000394110,34,3,570,0.00015,0.48354,0.71521,v39_breast
ENST00000371755,14,0,456,0.0,0.28524,,v39_breast
ENST00000330430,10,2,197,0.00102,0.45584,0.48985,v39_breast
ENST00000370905,28,3,634,0.00017,0.51211,0.37014,v39_breast
ENST00000513939,25,3,599,0.0002,0.47038,0.47857,v39_breast
ENST00000304434,12,1,299,0.00028,0.59978,0.18729,v39_breast
ENST00000370918,18,1,326,0.00017,0.51091,0.17178,v39_breast
ENST00000193322,18,2,334,0.00033,0.48802,0.497,v39_breast
ENST00000310786,8,1,197,0.00063,0.63135,0.77665,v39_breast
ENST00000368666,21,4,354,0.00054,0.42951,0.18785,v39_breast
ENST00000368638,3,1,120,0.00278,0.57778,0.55,v39_breast
ENST00000368444,5,1,132,0.00152,0.37727,0.7197,v39_breast
ENST00000368452,4,1,78,0.00321,0.76923,0.84615,v39_breast
ENST00000454859,13,4,301,0.00102,0.49553,0.65615,v39_breast
ENST00000532053,11,2,192,0.00095,0.45928,0.78906,v39_breast
ENST00000349184,18,4,231,0.00096,0.41029,0.28896,v39_breast
ENST00000296980,20,4,263,0.00076,0.4154,0.34506,v39_breast
ENST00000367568,22,1,287,0.00016,0.49557,0.8676,v39_breast
ENST00000674357,26,2,463,0.00017,0.5466,0.51512,v39_breast
ENST00000335643,18,4,311,0.00071,0.42122,0.35289,v39_breast
ENST00000440973,29,0,595,0.0,0.47082,,v39_breast
ENST00000338313,8,0,266,0.0,0.53618,,v39_breast
ENST00000544935,14,2,381,0.00037,0.39689,0.31234,v39_breast
ENST00000397092,13,0,375,0.0,0.51344,,v39_breast
ENST00000402506,9,1,308,0.00036,0.42641,0.00974,v39_breast
ENST00000359574,6,0,361,0.0,0.6856,,v39_breast
ENST00000396872,11,0,530,0.0,0.31098,,v39_breast
ENST00000396872,11,0,530,0.0,0.31098,,v39_breast
ENST00000258761,22,2,419,0.00022,0.57822,0.7506,v39_breast
ENST00000258679,18,3,440,0.00038,0.42096,0.14621,v39_breast
ENST00000423717,7,0,90,0.0,0.58413,,v39_breast
ENST00000346990,22,1,449,0.0001,0.52551,0.63252,v39_breast
ENST00000381083,13,0,297,0.0,0.47786,,v39_breast
ENST00000344576,33,3,705,0.00013,0.44612,0.513,v39_breast
ENST00000282869,20,4,483,0.00041,0.42681,0.46222,v39_breast
ENST00000360768,7,1,176,0.00081,0.74675,0.55114,v39_breast
ENST00000310326,27,2,470,0.00016,0.49094,0.50213,v39_breast
ENST00000222902,9,0,119,0.0,0.6648,,v39_breast
ENST00000307630,14,0,247,0.0,0.5081,,v39_breast
ENST00000275560,26,1,575,7e-05,0.50335,0.08348,v39_breast
ENST00000394857,16,1,424,0.00015,0.46153,0.09198,v39_breast
ENST00000275569,5,0,115,0.0,0.60696,,v39_breast
ENST00000615241,5,0,115,0.0,0.60696,,v39_breast
ENST00000631645,11,0,212,0.0,0.62779,,v39_breast
ENST00000324432,38,0,622,0.0,0.43971,,v39_breast
ENST00000394788,19,3,472,0.00033,0.38091,0.36511,v39_breast
ENST00000432207,19,3,472,0.00033,0.38091,0.36511,v39_breast
ENST00000432207,19,3,472,0.00033,0.38091,0.36511,v39_breast
ENST00000649521,23,1,490,9e-05,0.51588,0.10408,v39_breast
ENST00000312891,13,1,279,0.00028,0.55859,0.96774,v39_breast
ENST00000394000,14,2,175,0.00082,0.65428,0.93714,v39_breast
ENST00000332397,65,1,549,3e-05,0.45633,0.84335,v39_breast
ENST00000517481,4,3,108,0.00694,0.31019,0.32099,v39_breast
ENST00000265717,19,3,418,0.00038,0.44863,0.83652,v39_breast
ENST00000448022,3,0,43,0.0,0.53488,,v39_breast
ENST00000343213,3,1,112,0.00298,0.41369,0.08929,v39_breast
ENST00000222693,6,1,162,0.00103,0.6605,0.06173,v39_breast
ENST00000308868,12,2,167,0.001,0.48453,0.41018,v39_breast
ENST00000489835,18,0,429,0.0,0.6409,,v39_breast
ENST00000446477,25,1,899,4e-05,0.56191,0.98443,v39_breast
ENST00000222481,19,3,419,0.00038,0.42545,0.20923,v39_breast
ENST00000011292,20,1,419,0.00012,0.4074,0.08592,v39_breast
ENST00000583337,8,0,323,0.0,0.54025,,v39_breast
ENST00000222482,19,0,421,0.0,0.42643,,v39_breast
ENST00000423507,14,1,492,0.00015,0.46951,0.95325,v39_breast
ENST00000378539,19,2,522,0.0002,0.57471,0.90996,v39_breast
ENST00000393187,14,2,326,0.00044,0.47108,0.84356,v39_breast
ENST00000223215,15,2,335,0.0004,0.45353,0.84776,v39_breast
ENST00000457545,15,2,344,0.00039,0.41705,0.2093,v39_breast
ENST00000674285,11,2,492,0.00037,0.50388,0.31098,v39_breast
ENST00000343187,31,4,523,0.00025,0.48628,0.37954,v39_breast
ENST00000350549,13,3,235,0.00098,0.55712,0.48227,v39_breast
ENST00000291009,6,1,146,0.00114,0.33904,0.53425,v39_breast
ENST00000443571,7,1,183,0.00078,0.50429,0.5847,v39_breast
ENST00000410004,11,2,216,0.00084,0.52736,0.61574,v39_breast
ENST00000606024,9,2,164,0.00136,0.72019,0.69208,v39_breast
ENST00000275838,4,0,429,0.0,0.17599,,v39_breast
ENST00000642635,4,2,67,0.00746,0.74627,0.58209,v39_breast
ENST00000314357,4,2,67,0.00746,0.74627,0.58209,v39_breast
ENST00000643755,16,3,300,0.00062,0.49667,0.62444,v39_breast
ENST00000400085,16,3,300,0.00062,0.49667,0.62444,v39_breast
ENST00000678525,1,0,53,0.0,0.22642,,v39_breast
ENST00000381733,10,1,411,0.00024,0.62823,0.81022,v39_breast
ENST00000307719,17,1,290,0.0002,0.46511,0.57586,v39_breast
ENST00000523266,17,1,405,0.00015,0.47233,0.74321,v39_breast
ENST00000522910,13,0,349,0.0,0.42605,,v39_breast
ENST00000389131,40,1,774,3e-05,0.49558,0.0323,v39_breast
ENST00000421054,8,0,92,0.0,0.55571,,v39_breast
ENST00000380582,13,0,429,0.0,0.58939,,v39_breast
ENST00000354550,13,0,455,0.0,0.55571,,v39_breast
ENST00000380573,15,0,466,0.0,0.59571,,v39_breast
ENST00000541648,15,0,469,0.0,0.45601,,v39_breast
ENST00000220812,18,4,224,0.00099,0.63492,0.5413,v39_breast
ENST00000276410,11,2,494,0.00037,0.47755,0.91094,v39_breast
ENST00000265572,9,0,380,0.0,0.52719,,v39_breast
ENST00000517663,5,2,84,0.00476,0.46429,0.72024,v39_breast
ENST00000522267,5,2,84,0.00476,0.46429,0.72024,v39_breast
ENST00000399653,4,1,81,0.00309,0.35803,0.51852,v39_breast
ENST00000521604,14,2,301,0.00047,0.56265,0.91362,v39_breast
ENST00000262644,9,2,359,0.00062,0.62581,0.5975,v39_breast
ENST00000350034,17,2,241,0.00049,0.49134,0.78424,v39_breast
ENST00000276573,33,4,540,0.00022,0.44792,0.45926,v39_breast
ENST00000651945,12,1,162,0.00051,0.393,0.11728,v39_breast
ENST00000396218,36,4,577,0.00019,0.52109,0.42244,v39_breast
ENST00000360348,36,4,567,0.0002,0.51264,0.41226,v39_breast
ENST00000518954,37,4,604,0.00018,0.52908,0.44826,v39_breast
ENST00000297581,20,4,470,0.00043,0.56606,0.55213,v39_breast
ENST00000301263,4,0,128,0.0,0.62305,,v39_breast
ENST00000292430,6,1,165,0.00101,0.25152,0.14545,v39_breast
ENST00000617261,20,1,371,0.00013,0.47278,0.16442,v39_breast
ENST00000532158,20,1,371,0.00013,0.47278,0.16442,v39_breast
ENST00000528718,17,1,488,0.00012,0.6203,0.95082,v39_breast
ENST00000644790,17,1,488,0.00012,0.6203,0.95082,v39_breast
ENST00000382255,14,1,226,0.00032,0.57427,0.80973,v39_breast
ENST00000382100,38,4,873,0.00012,0.42916,0.57073,v39_breast
ENST00000327883,28,2,525,0.00014,0.53143,0.90571,v39_breast
ENST00000380142,4,1,78,0.00321,0.55449,0.39744,v39_breast
ENST00000276925,4,1,138,0.00181,0.34964,0.22464,v39_breast
ENST00000304494,3,0,156,0.0,0.3953,,v39_breast
ENST00000297988,9,2,342,0.00065,0.31482,0.56725,v39_breast
ENST00000379825,20,4,292,0.00068,0.39264,0.33048,v39_breast
ENST00000378980,12,1,372,0.00022,0.4767,0.07258,v39_breast
ENST00000651358,13,0,185,0.0,0.51268,,v39_breast
ENST00000297620,12,0,168,0.0,0.50298,,v39_breast
ENST00000327351,15,3,155,0.00129,0.67484,0.72473,v39_breast
ENST00000242275,17,4,297,0.00079,0.449,0.31313,v39_breast
ENST00000376208,14,2,537,0.00027,0.49069,0.57542,v39_breast
ENST00000375337,14,0,339,0.0,0.66941,,v39_breast
ENST00000375543,7,1,243,0.00059,0.51323,0.76543,v39_breast
ENST00000710274,12,2,379,0.00044,0.53562,0.59499,v39_breast
ENST00000374045,17,4,251,0.00094,0.48043,0.4482,v39_breast
ENST00000458258,34,2,558,0.00011,0.51724,0.7957,v39_breast
ENST00000417201,13,1,190,0.0004,0.42631,0.34737,v39_breast
ENST00000373600,22,3,347,0.00039,0.48127,0.1806,v39_breast
ENST00000451402,13,3,342,0.00067,0.50787,0.39376,v39_breast
ENST00000526117,39,3,395,0.00019,0.5815,0.62616,v39_breast
ENST00000373474,39,3,402,0.00019,0.57227,0.61526,v39_breast
ENST00000373276,33,3,792,0.00011,0.50463,0.20918,v39_breast
ENST00000388747,23,1,394,0.00011,0.48742,0.78934,v39_breast
ENST00000277462,9,0,186,0.0,0.46595,,v39_breast
ENST00000350339,11,0,275,0.0,0.53025,,v39_breast
ENST00000371789,2,0,92,0.0,0.59239,,v39_breast
ENST00000371694,10,0,246,0.0,0.58496,,v39_breast
ENST00000371696,12,1,278,0.0003,0.58603,0.70144,v39_breast
ENST00000711224,12,2,233,0.00072,0.57511,0.59013,v39_breast
ENST00000355805,12,2,233,0.00072,0.57511,0.59013,v39_breast
ENST00000644266,5,1,195,0.00103,0.24821,0.27692,v39_breast
ENST00000217961,22,3,578,0.00024,0.59909,0.70415,v39_breast
ENST00000424830,11,2,251,0.00072,0.52372,0.23705,v39_breast
ENST00000381157,1,0,10,0.0,0.8,,v39_breast
ENST00000398806,25,2,470,0.00017,0.55115,0.40426,v39_breast
ENST00000398806,25,2,470,0.00017,0.55115,0.40426,v39_breast
ENST00000381163,27,2,501,0.00015,0.53877,0.44112,v39_breast
ENST00000380602,22,2,554,0.00016,0.55308,0.51174,v39_breast
ENST00000361306,22,2,553,0.00016,0.55343,0.51175,v39_breast
ENST00000355135,11,3,305,0.00089,0.4456,0.40219,v39_breast
ENST00000380470,15,1,306,0.00022,0.67647,0.28105,v39_breast
ENST00000380483,12,2,252,0.00066,0.53241,0.34127,v39_breast
ENST00000619890,6,0,153,0.0,0.45316,,v39_breast
ENST00000595235,9,2,188,0.00118,0.5065,0.71542,v39_breast
ENST00000375491,12,2,111,0.0015,0.58709,0.92792,v39_breast
ENST00000375006,31,1,471,7e-05,0.43415,0.81529,v39_breast
ENST00000622732,22,2,213,0.00043,0.59624,0.51643,v39_breast
ENST00000615092,22,2,213,0.00043,0.59624,0.51643,v39_breast
ENST00000173898,42,4,1431,7e-05,0.24495,0.14308,v39_breast
ENST00000434397,12,2,258,0.00065,0.28359,0.03488,v39_breast
ENST00000396050,21,2,318,0.0003,0.40416,0.43239,v39_breast
ENST00000374622,5,0,193,0.0,0.61865,,v39_breast
ENST00000307959,19,3,388,0.00041,0.42539,0.39433,v39_breast
ENST00000439435,8,2,207,0.00121,0.55556,0.71498,v39_breast
ENST00000420881,44,1,1100,2e-05,0.44948,0.12,v39_breast
ENST00000255531,44,1,1101,2e-05,0.44918,0.11989,v39_breast
ENST00000539247,12,1,300,0.00028,0.55028,0.33667,v39_breast
ENST00000536889,9,2,160,0.00139,0.4875,0.72812,v39_breast
ENST00000477663,21,4,558,0.00034,0.55402,0.50851,v39_breast
ENST00000336803,10,0,230,0.0,0.53957,,v39_breast
ENST00000488120,15,2,360,0.00037,0.52204,0.55834,v39_breast
ENST00000394797,25,2,456,0.00018,0.53263,0.51974,v39_breast
ENST00000598581,22,4,642,0.00028,0.49228,0.4303,v39_breast
ENST00000360458,16,2,288,0.00043,0.33767,0.1007,v39_breast
ENST00000217999,16,0,184,0.0,0.49626,,v39_breast
ENST00000371388,21,3,288,0.0005,0.41915,0.22222,v39_breast
ENST00000218008,20,1,357,0.00014,0.49216,0.68067,v39_breast
ENST00000371315,9,2,182,0.00122,0.35165,0.58516,v39_breast
ENST00000370853,23,3,354,0.00037,0.49239,0.64124,v39_breast
ENST00000370634,14,2,258,0.00055,0.50664,0.20155,v39_breast
ENST00000626909,13,1,199,0.00039,0.3823,0.15075,v39_breast
ENST00000370328,19,0,506,0.0,0.50884,,v39_breast
ENST00000646375,10,0,371,0.0,0.50755,,v39_breast
ENST00000458587,14,0,313,0.0,0.61684,,v39_breast
ENST00000345046,13,0,246,0.0,0.56254,,v39_breast
ENST00000672675,13,0,246,0.0,0.56254,,v39_breast
ENST00000611071,56,3,419,0.00013,0.49058,0.46539,v39_breast
ENST00000381241,19,4,373,0.00056,0.55073,0.47922,v39_breast
ENST00000711210,19,4,373,0.00056,0.55073,0.47922,v39_breast
ENST00000286448,11,2,220,0.00083,0.4905,0.46818,v39_breast
ENST00000711260,11,2,220,0.00083,0.4905,0.46818,v39_breast
